,Name,Team,Position,ESPN,Yahoo,PTS,AST,ORB,DRB,TRB,STL,BLK,TO,PF,MPG,2FGM,2FGA,2FG%,3FGM,3FGA,3FG%,FTM,FTA,FT%
0,Paolo Banchero,ORL,F,15.782900000000001,21.387299999999996,13.75,2.02,1.54,3.95,5.49,0.77,0.44,2.23,1.9,27.49,4.97,10.67,0.4656,1.1312000000000002,3.57,0.316848,2.5305000000000004,3.4,0.74487
1,Chet Holmgren,OKC,C,19.0118,24.7126,12.27,1.75,1.8,4.93,6.7299999999999995,0.7,0.99,1.83,2.43,29.79,4.42,9.12,0.4844,1.2544000000000002,3.67,0.3419360000000001,1.7429999999999999,2.47,0.70539
2,Jabari Smith Jr.,HOU,F,15.543400000000002,22.2208,14.42,1.63,0.88,3.85,4.73,0.65,0.42,1.67,2.2,28.28,4.46,9.49,0.4699,1.7472000000000003,5.27,0.33129600000000003,2.919,3.92,0.745395
3,Keegan Murray,SAC,F,12.620700000000001,17.3499,9.63,0.83,1.38,3.61,4.99,0.66,0.56,1.34,2.06,25.68,3.34,7.07,0.4723,0.9296000000000001,3.13,0.29680000000000006,2.3415,3.2,0.732375
4,Jaden Ivey,DET,G,14.415000000000001,19.884,12.05,2.33,0.62,3.44,4.06,0.69,0.31,1.97,1.65,28.41,3.09,6.69,0.462,1.568,5.12,0.30632000000000004,2.499,3.33,0.7508549999999999
5,Bennedict Mathurin,IND,G,10.183799999999998,17.9811,7.17,2.17,0.61,2.99,3.6,0.67,0.3,1.36,1.55,25.43,3.13,6.73,0.4654,1.7024000000000001,5.37,0.3170720000000001,1.4489999999999998,1.97,0.736155
6,Dyson Daniels,NOP,G,19.5482,22.277900000000002,10.33,4.1,1.22,2.99,4.21,1.1,0.26,2.04,1.96,21.38,2.36,5.15,0.4583,1.0416,3.28,0.317296,1.1550000000000002,1.72,0.6717900000000001
7,Jeremy Sochan,SAS,F,9.6856,13.379700000000001,6.71,1.2,0.88,2.82,3.6999999999999997,0.68,0.25,1.11,2.03,27.79,3.19,6.56,0.4861,0.5488000000000001,1.77,0.309904,1.218,1.8,0.6757799999999999
8,Johnny Davis,WAS,G,9.3442,13.7154,5.63,1.12,0.57,2.84,3.4099999999999997,0.63,0.21,0.89,1.7,25.4,1.81,3.86,0.4692,1.0416,3.2,0.32558400000000004,1.0710000000000002,1.42,0.7522200000000001
9,Ousmane Dieng,OKC,F,9.874400000000001,15.347300000000004,8.25,1.4,0.77,2.18,2.95,0.55,0.2,0.85,1.8,21.42,2.32,5.05,0.4597,1.4672000000000003,4.97,0.29512000000000005,1.05,1.71,0.6126750000000001
10,Jalen Williams,OKC,G,14.412000000000003,15.314500000000002,10.82,1.84,0.46,2.37,2.83,0.66,0.2,1.33,2.09,23.15,2.12,4.55,0.4663,0.784,2.49,0.31438400000000005,0.924,1.27,0.727545
11,Jalen Duren,DET,C,14.112300000000003,14.269599999999999,7.1,1.1,1.71,2.12,3.83,0.53,0.91,0.8,2.07,17.73,2.03,4.24,0.4785,0.07840000000000001,0.57,0.138656,1.1655000000000002,1.72,0.677355
12,Ochai Agbaji,UTA,G,4.773299999999999,9.593599999999999,3.96,0.67,0.36,1.94,2.3,0.43,0.18,0.81,1.21,12.46,1.69,3.7,0.4564,1.0304000000000002,3.39,0.3040800000000001,0.8925,1.2,0.7436100000000001
13,Mark Williams,CHA,C,9.605799999999999,10.668600000000001,3.86,0.58,1.26,1.81,3.0700000000000003,0.37,1.1,0.81,1.61,14.01,2.03,4.08,0.4971,0.07840000000000001,0.54,0.1456,0.609,0.92,0.660555
14,AJ Griffin,ATL,F,5.0045,8.4215,3.27,0.82,0.58,1.29,1.87,0.35,0.2,0.68,1.12,11.05,1.32,2.56,0.5158,0.784,2.72,0.288624,0.5565000000000001,0.78,0.711585
15,Tari Eason,HOU,F,7.1593,10.744099999999998,3.5,0.72,1.12,2.44,3.56,0.58,0.43,0.95,1.67,21.5,2.2,4.69,0.4695,0.41440000000000005,1.28,0.32368,1.2705,1.81,0.700035
16,Dalen Terry,CHI,F,7.3703,9.473599999999998,4.33,1.0,0.82,1.42,2.2399999999999998,0.43,0.22,0.66,1.39,17.32,1.34,2.83,0.4738,0.5264,1.78,0.29523200000000005,0.5775000000000001,0.84,0.6842849999999999
17,Malaki Branham,SAS,F,7.8325000000000005,9.283000000000001,5.35,0.87,0.57,1.81,2.38,0.35,0.21,0.73,1.38,16.74,1.52,3.16,0.4808,0.392,1.27,0.30811200000000005,0.8085000000000001,1.1,0.737835
18,Christian Braun,DEN,G,6.5486,8.974700000000002,5.8,0.92,0.3,1.04,1.34,0.35,0.19,0.75,1.24,12.43,1.24,2.69,0.4618,0.8848000000000001,3.14,0.28212800000000005,0.609,0.88,0.689115
19,Walker Kessler,UTA,C,10.2515,11.562,3.9,0.54,0.92,2.84,3.76,0.45,0.9,0.72,1.52,10.68,1.73,3.65,0.4746,0.11200000000000002,0.38,0.292432,0.7875000000000001,1.16,0.6759900000000001
20,David Roddy,MEM,F,7.182799999999999,8.6741,3.39,1.19,0.62,1.33,1.9500000000000002,0.43,0.31,0.61,1.27,16.45,1.26,2.82,0.4476,0.30240000000000006,1.06,0.28436800000000007,0.5880000000000001,0.85,0.690165
21,Blake Wesley,SAS,G,7.063200000000001,8.928400000000002,6.17,0.87,0.41,0.83,1.24,0.37,0.18,0.64,1.16,13.69,1.41,2.96,0.4761,0.7616000000000002,2.58,0.295456,0.8400000000000001,1.24,0.67893
22,Wendell Moore Jr.,MIN,G,6.0568,7.499600000000002,3.49,1.12,0.33,1.37,1.7000000000000002,0.4,0.19,0.89,1.17,15.85,0.91,1.98,0.4605,0.41440000000000005,1.45,0.286048,0.5880000000000001,0.85,0.6931050000000001
23,Nikola Jovic,MIA,F,6.648200000000002,8.9174,4.65,0.5,0.5,1.57,2.0700000000000003,0.3,0.29,0.69,1.12,11.32,0.81,1.7,0.4771,0.8176000000000001,2.53,0.32267200000000007,0.48300000000000004,0.75,0.64071
24,Patrick Baldwin Jr.,GSW,F,6.140700000000002,7.965400000000002,4.65,0.54,0.53,1.1,1.6300000000000001,0.36,0.27,0.64,1.01,11.05,0.98,2.26,0.4344,0.6496000000000001,2.3,0.28224000000000005,0.4515,0.63,0.71379
25,TyTy Washington Jr.,HOU,G,10.806799999999999,11.906100000000002,6.1,2.14,0.34,1.75,2.09,0.42,0.18,0.94,0.99,19.3,1.11,2.35,0.4731,0.5824,1.84,0.31595200000000007,0.672,0.94,0.71526
26,Peyton Watson,DEN,G,5.0052,5.5914,2.69,0.52,0.4,1.17,1.5699999999999998,0.3,0.22,0.51,1.12,8.07,0.77,1.64,0.4697,0.1456,0.51,0.285264,0.504,0.77,0.655095
27,Andrew Nembhard,IND,G,12.220600000000003,13.0337,6.47,3.03,0.25,1.31,1.56,0.43,0.16,1.01,1.09,14.68,0.93,2.08,0.4477,0.6608,2.15,0.30755200000000005,0.609,0.84,0.722925
28,Caleb Houstan,ORL,G,5.7166000000000015,8.723700000000001,4.17,0.53,0.33,1.54,1.87,0.34,0.17,0.69,0.97,16.0,0.69,1.51,0.458,0.9968000000000001,3.06,0.32625600000000005,0.48300000000000004,0.64,0.7521150000000001
29,Christian Koloko,TOR,C,5.0484,6.459299999999999,1.83,0.3,1.0,1.48,2.48,0.28,0.43,0.54,1.21,8.65,1.17,2.38,0.491,0.06720000000000001,0.3,0.22232000000000005,0.504,0.75,0.6685350000000001
30,Jaylin Williams,OKC,F,6.476000000000002,10.897000000000002,6.07,0.44,0.69,1.93,2.62,0.31,0.28,0.73,1.26,14.58,1.76,3.8,0.4637,1.12,3.72,0.30139200000000005,0.9660000000000001,1.44,0.6689550000000001
31,Max Christie,LAL,G,4.623199999999999,7.243399999999999,2.63,0.49,0.34,1.4,1.74,0.31,0.2,0.49,1.05,7.5,0.93,1.87,0.4963,0.6496000000000001,1.95,0.33230400000000004,0.504,0.7,0.723345
32,Jaden Hardy,DAL,G,5.4494,9.060300000000002,3.52,1.5,0.37,1.15,1.52,0.35,0.19,0.94,1.32,8.8,1.55,3.37,0.4598,0.8512000000000001,2.55,0.33409600000000006,0.5670000000000001,0.77,0.73878
33,Kennedy Chandler,MEM,G,7.762900000000002,9.898800000000001,2.92,2.1,0.47,1.16,1.63,0.53,0.16,0.75,0.74,10.78,1.08,2.37,0.4564,0.5152000000000001,1.74,0.296576,0.47250000000000003,0.72,0.65226
34,Bryce McGowens,CHA,G,5.169099999999999,7.4142,4.43,0.48,0.36,1.16,1.52,0.35,0.17,0.65,1.03,11.23,1.24,2.72,0.4557,0.6608,2.05,0.32166400000000006,0.7875000000000001,1.1,0.7163100000000001
35,Trevor Keels,NYK,G,4.851800000000001,7.187100000000001,2.95,0.98,0.35,0.89,1.24,0.36,0.14,0.55,0.95,9.56,0.83,1.82,0.4557,0.6384,2.2,0.290752,0.525,0.81,0.645015
36,Moussa Diabate,LAC,F,5.1629000000000005,5.994300000000001,2.39,0.39,0.61,1.49,2.1,0.31,0.25,0.48,1.03,6.36,0.95,1.96,0.485,0.06720000000000001,0.33,0.20350400000000002,0.3885,0.57,0.684075
37,Ryan Rollins,GSW,G,9.661200000000001,10.6789,5.89,1.33,0.38,1.49,1.87,0.51,0.16,0.68,1.66,16.02,0.87,1.95,0.4452,0.6496000000000001,2.12,0.30609600000000003,0.462,0.64,0.7170449999999999
38,Josh Minott,MIN,F,6.452400000000001,6.710799999999999,3.57,0.45,0.66,1.42,2.08,0.38,0.21,0.55,1.07,15.83,0.73,1.54,0.4734,0.12320000000000002,0.55,0.22355200000000003,0.546,0.79,0.690165
39,Vince Williams Jr.,MEM,G,6.2755,7.332000000000001,3.23,1.16,0.31,0.98,1.29,0.35,0.2,0.46,0.94,6.77,0.84,1.84,0.4554,0.336,1.3,0.25928,0.4935,0.71,0.6974100000000001
40,Kendall Brown,IND,G,8.3137,8.2029,4.94,0.81,0.69,1.03,1.72,0.4,0.25,0.56,0.64,7.16,0.59,1.17,0.5022,0.31360000000000005,1.22,0.256704,0.5565000000000001,0.83,0.6714749999999999
41,Isaiah Mobley,CLE,F,6.1528,8.728100000000001,3.78,0.87,0.83,1.12,1.9500000000000002,0.32,0.21,0.45,0.87,8.43,0.78,1.73,0.4502,0.6944,2.7,0.25760000000000005,0.504,0.78,0.6453300000000001
42,Tyrese Martin,ATL,G,3.5075,5.665,2.01,0.5,0.5,0.89,1.3900000000000001,0.32,0.16,0.43,0.69,6.37,0.79,1.67,0.4743,0.44800000000000006,1.76,0.254016,0.4515,0.66,0.6832349999999999
43,JD Davison,BOS,G,7.056,8.879000000000001,1.84,2.47,0.34,0.95,1.29,0.36,0.19,0.69,0.93,8.17,0.68,1.52,0.4476,0.392,1.56,0.251888,0.462,0.68,0.67893
44,Jabari Walker,POR,F,6.8312,9.2774,3.73,0.71,0.69,1.9,2.59,0.35,0.19,0.43,0.81,10.53,1.09,2.29,0.477,0.5376000000000001,1.88,0.28616,0.546,0.75,0.73059
45,Shaedon Sharpe,POR,G,8.207156521739131,10.651552173913046,5.18304347826087,1.442608695652174,0.44826086956521743,1.5947826086956522,2.0430434782608695,0.4621739130434782,0.1986956521739131,0.8708695652173912,1.2108695652173913,14.28739130434783,1.3330434782608693,2.8778260869565218,0.46404782608695644,0.7421217391304349,2.4360869565217387,0.2994246956521739,0.764217391304348,1.0734782608695652,0.7048923913043478
46,Santi Aldama,MEM,F,9.776900000000001,11.8373,6.02,0.85,1.06,2.18,3.24,0.35,0.41,0.63,1.43,12.8,1.92,3.76,0.5106,0.4592,1.53,0.29971200000000003,1.0185,1.53,0.6673800000000001
47,Jose Alvarado,NOP,G,15.0632,16.9899,5.89,3.25,0.45,1.85,2.3000000000000003,1.12,0.13,0.88,1.72,12.68,1.99,3.98,0.4994,0.7056000000000001,1.93,0.365344,0.882,1.24,0.709275
48,Dalano Banton,TOR,F,10.952499999999999,11.813500000000003,6.75,1.69,0.64,1.72,2.36,0.52,0.24,0.78,1.49,17.46,1.65,3.59,0.4593,0.392,1.3,0.30038400000000004,0.8085000000000001,1.37,0.5901000000000001
49,Scottie Barnes,TOR,F,25.285800000000005,30.4921,14.22,3.82,2.38,5.1,7.4799999999999995,1.08,0.65,2.02,2.61,35.25,6.0,11.75,0.5106,0.9184,2.44,0.37643200000000004,2.079,2.66,0.78288
50,Charles Bassey,PHI,C,8.584,10.7065,3.18,0.52,1.17,2.69,3.86,0.31,0.62,0.62,1.68,6.57,1.48,2.59,0.5704,0.22400000000000003,0.9,0.24808000000000002,0.9660000000000001,1.38,0.697935
51,Leandro Bolmaro,UTA,F,6.109600000000001,7.833699999999999,4.36,0.75,0.58,1.26,1.8399999999999999,0.33,0.23,0.48,1.12,10.62,1.53,3.53,0.433,0.32480000000000003,1.21,0.26902400000000004,0.8400000000000001,1.15,0.7321650000000001
52,James Bouknight,CHA,G,8.9759,10.520299999999999,6.24,1.09,1.06,0.92,1.98,0.42,0.15,0.61,1.46,16.33,1.29,2.86,0.4511,0.6272000000000001,1.84,0.34025600000000006,1.2915,1.62,0.79947
53,Greg Brown III,POR,F,11.800899999999999,14.171299999999997,5.39,0.85,1.29,2.65,3.94,0.48,0.73,0.74,1.94,14.54,1.48,3.09,0.4796,0.6272000000000001,1.83,0.343056,0.9765000000000001,1.38,0.70602
54,Jared Butler,UTA,G,13.205999999999998,16.306500000000003,6.22,3.69,0.32,1.23,1.55,0.51,0.19,0.91,1.46,16.92,1.7,3.34,0.5088,1.12,3.12,0.35840000000000005,0.9660000000000001,1.37,0.70308
55,Justin Champagnie,TOR,G,6.882200000000001,8.8679,4.24,0.81,1.02,1.3,2.3200000000000003,0.39,0.17,0.63,1.11,8.56,1.48,3.07,0.4822,0.42560000000000003,1.22,0.34966400000000003,0.861,1.18,0.73101
56,Josh Christopher,HOU,G,14.070799999999998,17.4906,7.47,2.82,0.66,1.72,2.38,0.97,0.22,1.27,1.49,21.7,2.22,4.5,0.4935,1.1984000000000001,3.36,0.35638400000000003,1.344,1.74,0.7721700000000001
57,Sharife Cooper,CLE,G,4.9355,8.255999999999998,3.95,0.82,0.29,1.24,1.53,0.39,0.14,0.4,1.57,9.58,1.12,2.56,0.4383,0.784,3.09,0.25368,0.9974999999999999,1.54,0.646065
58,Cade Cunningham,DET,G,26.953899999999997,31.203799999999994,17.56,5.35,0.9,3.66,4.5600000000000005,1.11,0.61,3.48,2.88,29.13,3.9,8.02,0.4862,2.1952000000000003,5.72,0.38360000000000005,1.7535,2.09,0.8401050000000001
59,Ayo Dosunmu,CHI,G,19.968500000000002,22.221,9.7,3.59,0.45,2.67,3.12,0.84,0.53,1.28,2.01,24.85,1.84,3.6,0.5115,1.344,3.54,0.379904,0.8505000000000001,1.19,0.7159949999999999
60,Jeff Dowtin,TOR,G,9.276299999999999,10.448599999999997,4.68,1.85,0.95,0.92,1.87,0.5,0.15,0.62,1.24,9.21,1.06,2.31,0.4585,0.41440000000000005,1.51,0.27440000000000003,0.7875000000000001,1.19,0.660555
61,Chris Duarte,IND,G,19.8478,24.0366,13.28,2.37,0.66,3.45,4.11,0.99,0.21,1.29,1.43,29.66,2.81,5.93,0.4739,1.8144000000000002,4.72,0.384496,1.6590000000000003,1.95,0.851655
62,David Duke Jr.,BKN,G,8.770000000000001,11.342,4.67,0.81,1.07,1.63,2.7,0.58,0.31,0.6,1.44,15.29,1.48,3.12,0.4738,0.672,2.09,0.32110400000000006,0.756,0.95,0.79947
63,Kessler Edwards,BKN,F,11.1229,15.312300000000002,4.41,0.64,0.96,3.18,4.140000000000001,0.6,0.7,0.8,1.71,18.71,1.26,2.62,0.4815,1.1312000000000002,3.02,0.3746400000000001,0.8505000000000001,1.04,0.81606
64,Aleem Ford,ORL,F,4.0234,8.3703,2.34,0.57,0.48,2.37,2.85,0.31,0.16,0.54,1.07,14.62,1.57,3.31,0.4744,0.6272000000000001,2.09,0.29960000000000003,0.8190000000000001,1.35,0.60606
65,Marcus Garrett,MIA,G,8.324700000000002,9.130400000000003,4.2,1.11,0.98,1.05,2.0300000000000002,0.43,0.27,0.42,1.88,9.75,1.08,2.27,0.4758,0.25760000000000005,0.89,0.288176,0.8295000000000001,1.35,0.6147750000000001
66,Usman Garuba,HOU,F,11.3357,13.706900000000001,4.64,0.91,1.27,2.33,3.6,0.5,0.7,0.48,1.26,12.63,1.58,3.14,0.5033,0.5376000000000001,1.68,0.31953600000000004,1.0605,1.46,0.72555
67,Luka Garza,MIN,C,12.074100000000001,14.412700000000001,7.56,0.74,1.84,2.56,4.4,0.45,0.29,0.68,1.7,13.8,2.1,4.08,0.5147,0.5488000000000001,1.49,0.36915200000000004,1.3965,1.99,0.70098
68,Josh Giddey,OKC,G,29.0347,34.791900000000005,13.58,6.48,1.73,6.5,8.23,0.92,0.64,2.75,1.78,27.39,4.76,10.05,0.4737,1.1536000000000002,3.1,0.372064,1.4175000000000002,1.81,0.78141
69,Jordan Goodwin,WAS,G,9.873500000000002,11.414000000000001,7.35,0.97,0.37,1.64,2.01,0.53,0.16,0.39,1.52,13.0,1.53,3.22,0.4748,0.672,2.71,0.24808000000000002,0.8295000000000001,1.18,0.70392
70,Jalen Green,HOU,G,21.9078,26.975099999999998,16.32,3.31,0.46,3.05,3.51,0.84,0.3,1.77,1.56,30.24,2.95,6.38,0.4625,2.3184,6.08,0.38147200000000003,3.801,4.49,0.84735
71,Quentin Grimes,NYK,G,10.173300000000003,15.022100000000005,5.36,1.58,0.38,2.08,2.46,0.73,0.2,0.85,1.55,16.24,1.41,3.0,0.4701,1.5344000000000002,4.0,0.38315200000000005,0.9345000000000001,1.24,0.7551599999999999
72,Tyler Hall,DAL,G,6.0484,8.5203,4.84,1.48,0.35,1.35,1.7000000000000002,0.52,0.16,0.62,1.36,12.06,0.97,2.25,0.4309,0.4592,4.22,0.10875200000000002,0.63,0.98,0.6454350000000001
73,Jalen Harris,NYK,G,9.983800000000002,15.130100000000002,4.28,2.74,0.33,1.38,1.71,0.62,0.12,0.93,1.1,12.49,1.24,2.55,0.4872,1.5904,4.16,0.38236800000000004,0.903,1.2,0.755475
74,Sam Hauser,BOS,F,5.008100000000001,7.786700000000001,3.59,0.46,0.29,0.95,1.24,0.33,0.18,0.4,0.91,9.66,1.02,2.27,0.4495,0.8848000000000001,2.06,0.42940800000000007,0.8085000000000001,1.25,0.649005
75,Malcolm Hill,CHI,F,6.5731,9.824699999999998,3.99,0.48,0.58,1.56,2.14,0.44,0.18,0.53,1.73,9.41,1.01,2.04,0.4959,0.9968000000000001,2.67,0.373968,0.6194999999999999,0.85,0.72954
76,Jay Huff,LAL,F,8.8287,11.719899999999999,6.26,0.69,0.45,2.19,2.64,0.56,0.32,0.4,1.22,8.8,1.88,4.11,0.4573,0.7056000000000001,2.74,0.257712,0.9974999999999999,1.61,0.6211800000000001
77,Feron Hunt,NYK,F,8.879299999999999,8.380099999999999,5.68,0.87,0.41,1.54,1.95,0.45,0.21,0.36,0.86,12.45,0.86,1.82,0.4719,0.07840000000000001,0.81,0.09721600000000001,0.8925,1.69,0.529305
78,Bones Hyland,DEN,G,21.493199999999998,26.3439,10.55,4.48,0.32,3.19,3.51,0.71,0.31,1.16,2.06,23.17,1.6,3.41,0.4692,2.0496000000000003,5.27,0.38897600000000004,1.764,2.07,0.8517600000000001
79,Isaiah Jackson,IND,F,19.6489,19.481300000000005,9.75,0.77,2.09,3.41,5.5,0.76,1.3,1.2,2.58,9.93,2.27,4.18,0.5431,0.2912,1.07,0.27328,1.6065,2.19,0.73479
80,Jalen Johnson,ATL,F,6.684100000000001,7.982200000000001,4.32,0.47,0.43,1.84,2.27,0.31,0.3,0.51,1.37,5.4,1.35,2.76,0.4886,0.26880000000000004,0.95,0.28179200000000004,0.9765000000000001,1.42,0.6855450000000001
81,Keon Johnson,POR,G,12.780899999999999,16.1453,7.35,2.29,0.58,1.44,2.02,0.82,0.32,1.12,1.86,15.27,1.92,4.34,0.4423,1.2992000000000001,3.48,0.373408,0.8925,1.08,0.82278
82,Carlik Jones,CHI,G,8.505700000000001,10.8094,5.34,2.06,0.27,1.25,1.52,0.33,0.12,0.52,0.94,11.23,1.04,2.36,0.441,0.7056000000000001,2.79,0.253008,1.1445,1.68,0.68061
83,Herbert Jones,NOP,F,22.0353,22.826100000000004,10.73,2.15,1.12,2.69,3.81,1.51,0.77,1.18,2.7,28.99,2.77,5.45,0.5084,0.8624,2.27,0.379568,1.9005,2.24,0.8475600000000001
84,Kai Jones,CHA,C,9.4527,8.763399999999999,6.59,0.64,0.53,1.28,1.81,0.34,0.32,0.46,1.26,13.46,1.69,2.94,0.5755,0.08960000000000001,0.39,0.22736000000000003,0.9135,1.4,0.65268
85,Braxton Key,DET,F,11.847600000000002,13.679700000000002,5.02,1.17,0.87,1.87,2.74,0.8,0.74,0.71,1.76,17.01,1.64,3.33,0.4926,0.6048000000000001,1.62,0.374192,1.4280000000000002,2.32,0.614355
86,Corey Kispert,WAS,F,13.034499999999998,16.4295,9.45,1.02,0.73,2.6,3.33,0.51,0.34,0.75,1.68,21.54,2.67,5.48,0.4869,1.1760000000000002,3.03,0.38819200000000004,0.8925,1.09,0.820365
87,Vit Krejci,ATL,G,12.3213,16.643600000000003,5.87,1.65,0.48,3.04,3.52,0.67,0.3,0.84,1.85,16.27,1.48,2.92,0.5074,1.3104,3.46,0.378784,1.0605,1.35,0.7841400000000001
88,Jonathan Kuminga,GSW,F,12.628200000000001,15.576900000000002,8.63,0.99,0.85,3.24,4.09,0.54,0.35,1.25,2.14,15.44,1.85,3.57,0.5179,0.9856000000000001,2.73,0.360864,2.037,2.69,0.7572599999999999
89,Jock Landale,PHX,C,10.780699999999998,12.381900000000002,7.86,0.78,0.95,1.92,2.87,0.28,0.32,0.85,1.55,16.57,1.42,2.81,0.5049,0.8176000000000001,2.21,0.37060800000000005,0.9555000000000001,1.2,0.7953749999999999
90,Isaiah Livers,DET,F,11.398900000000003,16.085800000000003,6.0,0.89,0.7,2.24,2.9400000000000004,0.65,0.6,0.67,1.79,21.69,1.74,3.44,0.5063,1.4672000000000003,3.81,0.38472000000000006,1.7745,2.18,0.8123850000000001
91,Sandro Mamukelashvili,MIL,F,8.776700000000002,11.7979,5.33,0.72,1.26,2.03,3.29,0.32,0.26,0.59,1.43,13.72,1.46,2.97,0.4908,0.7616000000000002,2.09,0.36444800000000005,0.9135,1.26,0.7278600000000001
92,Tre Mann,OKC,G,16.3506,19.648200000000003,11.75,2.24,0.44,2.38,2.82,0.76,0.19,1.1,1.7,23.44,2.61,5.65,0.4616,1.5008000000000001,3.92,0.38248000000000004,1.4489999999999998,1.79,0.8098650000000001
93,Miles McBride,NYK,G,6.8782,8.854400000000002,2.93,1.69,0.29,0.99,1.28,0.46,0.13,0.55,0.87,14.1,0.97,2.04,0.4759,0.5376000000000001,1.58,0.34104,0.903,1.3,0.692265
94,Mac McClung,GSW,G,9.801,11.554,5.41,0.92,0.39,1.56,1.9500000000000002,0.49,0.74,0.8,1.43,7.0,1.44,3.14,0.4586,0.7280000000000001,2.25,0.323008,0.9450000000000001,1.17,0.8083950000000001
95,Davion Mitchell,SAC,G,14.7457,20.146400000000003,7.97,3.4,0.42,1.9,2.32,0.8,0.26,1.26,1.76,18.09,2.32,4.83,0.4805,1.8256000000000001,4.81,0.379344,0.9345000000000001,1.33,0.7042349999999999
96,Evan Mobley,CLE,C,27.7675,30.881499999999996,14.79,2.74,2.23,6.59,8.82,0.88,1.45,1.87,2.11,32.39,5.11,9.92,0.5149,0.5040000000000001,1.7,0.296912,2.7195,4.12,0.660765
97,Moses Moody,GSW,G,9.950500000000002,12.286,7.71,1.19,0.33,1.39,1.72,0.37,0.2,0.66,1.66,10.23,1.63,3.28,0.4968,1.064,3.07,0.34697600000000006,0.8925,1.12,0.7939050000000001
98,Xavier Moon,LAC,G,10.913200000000002,12.6654,4.68,2.03,0.29,1.79,2.08,0.69,0.26,0.71,0.97,13.13,1.54,3.17,0.486,0.5936000000000001,1.58,0.37486400000000003,0.546,0.81,0.672525
99,Trey Murphy III,NOP,F,9.5256,12.8347,5.72,0.89,0.95,1.75,2.7,0.49,0.25,0.64,1.58,17.01,1.24,2.64,0.469,1.1088,2.99,0.37128000000000005,0.798,0.98,0.81228
100,RJ Nembhard Jr.,CLE,G,7.966899999999999,9.002799999999999,4.06,1.89,0.26,1.19,1.45,0.4,0.11,0.42,1.25,6.56,1.16,2.56,0.4536,0.23520000000000002,1.1,0.21347200000000002,0.9765000000000001,1.47,0.662655
101,Daishen Nix,HOU,G,9.0296,11.786700000000002,2.92,2.99,0.37,1.44,1.81,0.72,0.13,1.12,1.27,12.04,1.48,3.11,0.4762,0.5488000000000001,1.68,0.32726400000000005,1.092,1.72,0.63651
102,Eugene Omoruyi,OKC,F,5.616899999999999,9.042799999999998,2.35,1.32,0.57,2.08,2.65,0.28,0.18,0.45,1.14,14.87,1.79,3.88,0.461,0.3472,1.15,0.302176,0.6825000000000001,1.1,0.62265
103,Jamorko Pickett,CLE,F,11.669700000000002,14.2979,6.91,0.72,0.54,2.33,2.87,0.3,0.7,0.42,1.38,13.43,1.01,2.18,0.4642,1.1536000000000002,3.19,0.36176,0.8925,1.55,0.577185
104,Joshua Primo,SAS,G,12.4162,14.5599,5.9,2.19,0.57,1.77,2.34,0.58,0.69,1.22,1.54,22.67,1.61,3.47,0.4645,0.8176000000000001,2.25,0.36276800000000003,1.281,1.65,0.774795
105,Trevelin Queen,PHI,G,7.563700000000001,12.007899999999998,5.13,0.76,0.78,1.45,2.23,0.45,0.15,0.66,1.01,11.99,1.02,2.2,0.4628,1.4336000000000002,3.84,0.373632,0.9765000000000001,1.22,0.801465
106,Neemias Queta,SAC,C,6.6037,7.748900000000001,3.35,0.48,0.71,1.66,2.37,0.28,0.73,0.71,1.61,11.01,1.79,3.75,0.4775,0.033600000000000005,0.41,0.08176,0.7665,1.16,0.660765
107,Austin Reaves,LAL,G,13.830700000000004,16.3439,8.42,1.55,0.7,2.05,2.75,0.53,0.28,0.66,1.7,22.61,1.18,2.3,0.5139,1.2656,3.34,0.378896,1.6695000000000002,2.1,0.7960050000000001
108,Jeremiah Robinson-Earl,OKC,F,13.4251,18.1577,7.45,1.12,1.36,3.92,5.28,0.61,0.4,0.81,1.37,23.92,2.74,5.75,0.4767,0.9408000000000001,2.47,0.380576,1.3335000000000001,1.7,0.7839300000000001
109,Matt Ryan,LAL,F,8.221900000000002,12.343800000000002,4.73,1.05,0.45,1.98,2.43,0.75,0.19,0.63,1.32,10.06,1.93,4.38,0.4402,1.0192,2.69,0.379344,0.7035000000000001,1.14,0.61782
110,Olivier Sarr,POR,C,10.432599999999999,14.5972,5.37,0.92,1.31,2.55,3.86,0.38,0.65,0.92,2.38,18.05,2.32,4.21,0.5513,0.9408000000000001,2.7,0.34809600000000007,0.861,1.07,0.805455
111,Jordan Schakel,WAS,G,8.9195,11.906999999999998,5.65,0.92,0.93,1.99,2.92,0.59,0.15,0.53,2.31,14.19,1.58,3.58,0.441,0.7280000000000001,2.25,0.322896,1.1235000000000002,1.72,0.653415
112,Alperen Sengun,HOU,C,20.7508,25.339599999999997,9.62,2.88,2.19,5.03,7.220000000000001,0.91,0.87,1.9,2.67,20.19,3.61,7.22,0.5003,0.7504000000000001,2.34,0.32099200000000006,2.52,3.24,0.7785750000000001
113,Day'Ron Sharpe,BKN,C,10.8322,13.3919,5.59,0.9,1.4,2.73,4.13,0.4,0.78,0.84,2.18,14.8,3.41,6.16,0.5538,0.1456,0.51,0.28739200000000004,1.281,2.04,0.62853
114,Marko Simonovic,CHI,C,6.715000000000001,8.9355,3.28,0.57,0.98,1.65,2.63,0.3,0.35,0.44,1.25,12.1,1.09,2.32,0.4691,0.44800000000000006,1.47,0.305088,0.609,0.86,0.7109550000000001
115,Zavier Simpson,ORL,G,18.6483,21.420099999999998,8.56,4.3,0.55,2.61,3.16,0.99,0.72,1.53,1.68,23.15,3.71,8.15,0.4551,0.5824,1.84,0.31696,1.7535,2.09,0.83853
116,Jericho Sims,NYK,C,11.6144,11.6438,4.26,0.69,1.37,2.07,3.44,0.31,0.93,0.45,1.41,11.14,1.45,2.5,0.5805,0.011200000000000002,0.14,0.08131200000000001,0.462,0.82,0.56511
117,Jaden Springer,PHI,G,9.9583,11.4961,2.49,0.69,1.25,2.64,3.89,0.46,0.96,0.54,1.17,8.82,1.17,2.19,0.5347,0.07840000000000001,0.98,0.07996800000000001,0.8714999999999999,1.43,0.6104700000000001
118,Jalen Suggs,ORL,G,19.2962,24.526399999999995,10.34,4.3,0.51,3.08,3.59,1.02,0.58,1.96,2.55,22.05,2.81,6.26,0.4487,1.6016000000000001,4.63,0.345744,3.213,4.05,0.793065
119,Terry Taylor,IND,F,15.2558,17.495600000000003,10.14,1.17,2.55,1.83,4.38,0.48,0.26,0.67,1.9,23.58,2.62,4.67,0.5606,0.8064,2.52,0.31964800000000004,0.903,1.17,0.7742700000000001
120,Cam Thomas,BKN,G,10.694500000000003,14.424500000000002,8.68,1.73,0.31,1.77,2.08,0.53,0.14,0.91,1.28,20.97,3.37,6.74,0.4998,1.0080000000000002,2.69,0.37508800000000003,1.6485,1.99,0.830025
121,JT Thor,CHA,F,9.8506,9.7837,6.9,0.71,0.43,1.33,1.76,0.34,0.37,0.5,1.12,7.37,1.18,2.28,0.5168,0.4368000000000001,1.26,0.34697600000000006,0.987,1.57,0.626745
122,Isaiah Todd,WAS,F,7.607800000000001,10.202600000000002,5.21,0.56,0.36,1.97,2.33,0.4,0.31,0.47,1.43,15.42,1.58,3.52,0.4494,0.6944,2.05,0.33924800000000005,0.8190000000000001,1.17,0.7026600000000001
123,Franz Wagner,ORL,F,24.9908,27.8541,14.6,3.66,1.02,3.5,4.52,0.93,0.66,1.49,1.95,31.35,3.67,7.22,0.5083,1.3664,3.54,0.3864,2.8979999999999997,3.37,0.85911
124,Ish Wainright,PHX,F,4.080799999999999,6.669099999999999,2.48,0.38,0.67,1.29,1.96,0.42,0.14,0.68,1.05,13.96,1.18,2.48,0.4766,0.5264,1.53,0.34451200000000004,0.378,0.6,0.63336
125,Duane Washington Jr.,PHX,G,12.748000000000003,18.0955,8.93,2.49,0.3,1.6,1.9000000000000001,0.54,0.14,1.13,1.46,22.28,1.7,3.67,0.4627,2.0720000000000005,5.4,0.38382400000000005,1.344,1.64,0.817635
126,Lindy Waters III,OKC,F,13.582199999999998,17.6339,8.47,1.14,0.32,2.58,2.9,0.73,0.32,0.53,1.38,25.74,1.85,3.74,0.4944,1.6016000000000001,4.13,0.38808000000000004,1.029,1.42,0.7266
127,Trendon Watford,POR,F,15.1003,16.8696,8.17,1.86,1.1,2.82,3.92,0.57,0.62,1.0,1.97,21.44,2.58,4.97,0.5194,0.47040000000000004,1.45,0.32536,1.8795000000000002,2.45,0.7680750000000001
128,Joe Wieskamp,SAS,G,6.564300000000001,9.122100000000001,3.9,0.71,0.27,1.35,1.62,0.66,0.18,0.64,1.28,15.24,1.18,2.35,0.5011,0.8064,2.3,0.35089600000000004,0.8714999999999999,1.47,0.5932499999999999
129,Aaron Wiggins,OKC,G,17.787500000000005,20.323500000000003,11.52,2.35,0.94,3.08,4.02,0.61,0.2,1.11,1.97,21.19,2.38,4.69,0.5079,1.1760000000000002,3.14,0.373968,1.3755000000000002,1.75,0.78624
130,Lindell Wigginton,MIL,G,7.5806000000000004,10.347700000000001,2.92,2.31,0.3,1.34,1.6400000000000001,0.42,0.13,0.74,1.62,12.89,1.32,2.71,0.4867,0.6048000000000001,1.69,0.358176,0.861,1.31,0.6549900000000001
131,Ziaire Williams,MEM,F,11.2135,14.1065,7.79,0.94,0.53,2.01,2.54,0.64,0.25,0.77,1.54,25.24,2.03,4.12,0.4927,1.12,2.94,0.38124800000000003,0.9135,1.14,0.7987350000000001
132,James Wiseman,GSW,C,18.320000000000004,20.4445,12.05,0.86,1.77,5.06,6.83,0.4,0.95,1.42,2.79,13.79,3.48,6.78,0.513,0.44800000000000006,1.54,0.291424,1.554,2.45,0.633255
133,McKinley Wright IV,DAL,G,7.5273,8.713099999999999,5.17,0.97,0.35,1.24,1.5899999999999999,0.52,0.12,0.84,1.17,12.47,1.05,2.06,0.5097,0.5824,1.81,0.321328,0.8925,1.29,0.689535
134,Omer Yurtseven,MIA,C,14.5688,15.1056,8.63,0.89,1.45,3.13,4.58,0.38,0.64,0.71,1.51,15.34,2.51,4.91,0.5107,0.13440000000000002,0.55,0.24449600000000002,0.8400000000000001,1.24,0.6774600000000001
135,Precious Achiuwa,TOR,F,13.590399999999999,18.713300000000004,9.15,0.96,1.89,4.46,6.35,0.48,0.55,1.33,2.21,24.24,3.45,7.0,0.4928,0.8512000000000001,2.61,0.32592,1.4280000000000002,2.26,0.630735
136,Steven Adams,MEM,C,20.417300000000004,23.4366,4.91,2.98,3.94,4.83,8.77,0.86,0.69,1.34,2.04,25.96,1.91,3.57,0.5354,0.022400000000000003,0.07,0.32088,1.3125,2.37,0.55482
137,Bam Adebayo,MIA,C,35.6623,36.68710000000001,22.38,3.85,2.09,7.8,9.89,1.33,0.92,2.77,2.86,32.73,7.29,13.55,0.538,0.07840000000000001,0.51,0.154448,5.365500000000001,6.52,0.82278
138,Nickeil Alexander-Walker,UTA,G,16.7674,20.514300000000002,11.52,2.4,0.54,2.8,3.34,0.77,0.38,1.52,1.52,19.99,2.91,6.09,0.4777,1.5232000000000003,3.97,0.38393600000000006,1.281,1.63,0.78666
139,Grayson Allen,MIL,G,19.4905,24.785,12.3,2.22,0.43,3.04,3.47,0.75,0.27,0.87,1.55,25.8,1.47,2.97,0.4953,2.576,6.53,0.3943520000000001,1.2285,1.41,0.8718150000000001
140,Jarrett Allen,CLE,C,26.4209,29.599299999999996,14.37,1.18,3.36,7.0,10.36,0.77,1.18,1.6,1.89,32.38,5.79,9.79,0.5915,0.17920000000000003,0.61,0.295904,3.2025,4.22,0.758835
141,Kyle Anderson,MIN,F,20.025800000000004,21.3461,8.89,2.63,0.93,3.81,4.74,0.96,0.65,1.11,1.72,23.0,2.18,4.46,0.4884,0.6384,1.66,0.38416000000000006,1.029,1.45,0.711165
142,Giannis Antetokounmpo,MIL,F,43.9116,49.430699999999995,27.21,6.43,1.97,9.25,11.22,1.08,1.36,3.39,3.04,29.38,8.41,15.49,0.5429,1.4448,3.85,0.37553600000000004,7.392,9.71,0.76125
143,Kostas Antetokounmpo,CHI,F,5.306,5.577499999999999,3.86,0.4,0.62,1.19,1.81,0.28,0.3,0.58,1.42,12.93,0.86,1.84,0.4672,0.05600000000000001,0.7,0.08030400000000001,0.7140000000000001,1.47,0.48615
144,Thanasis Antetokounmpo,MIL,F,7.783300000000002,8.854100000000003,4.12,0.7,0.78,1.97,2.75,0.32,0.28,0.51,1.59,10.22,1.28,2.53,0.5057,0.19040000000000004,0.72,0.265776,0.47250000000000003,0.75,0.633885
145,Cole Anthony,ORL,G,24.284599999999998,31.2327,15.05,5.13,0.59,4.55,5.14,0.73,0.31,2.29,2.38,29.47,3.12,6.86,0.455,2.3968000000000003,6.28,0.38169600000000004,3.1710000000000003,3.69,0.8597400000000001
146,OG Anunoby,TOR,F,23.8061,30.7157,15.4,2.49,1.37,3.78,5.15,1.23,0.56,1.71,2.46,35.96,3.56,6.96,0.5115,2.7328,7.07,0.386736,2.1105,2.57,0.82047
147,Ryan Arcidiacono,NYK,G,7.0057,8.0069,3.93,1.13,0.24,0.95,1.19,0.29,0.1,0.37,1.17,9.3,0.43,0.92,0.465,0.5936000000000001,1.66,0.35683200000000004,0.3885,0.62,0.6279
148,Deni Avdija,WAS,F,16.348200000000006,21.0454,8.87,1.86,0.64,5.05,5.6899999999999995,0.71,0.4,1.38,2.16,22.25,2.26,4.39,0.5148,1.2656,3.48,0.36411200000000005,1.6170000000000002,2.15,0.75096
149,Deandre Ayton,PHX,C,28.551100000000005,30.5652,17.36,1.38,2.87,7.63,10.5,0.73,0.86,1.65,2.54,28.39,6.21,10.66,0.5823,0.15680000000000002,0.5,0.31472000000000006,1.8375000000000001,2.33,0.79002
150,Udoka Azubuike,UTA,C,11.076300000000002,12.8596,4.91,0.52,1.34,3.34,4.68,0.3,0.78,0.62,1.92,14.17,2.49,4.65,0.5355,0.022400000000000003,0.27,0.08220800000000002,0.6615000000000001,0.91,0.7230300000000001
151,Dwayne Bacon,LAL,G,12.069000000000003,14.6705,9.02,1.66,0.4,1.85,2.25,0.6,0.13,0.81,1.41,23.43,2.33,5.1,0.4567,1.0080000000000002,2.66,0.37912000000000007,1.3230000000000002,1.73,0.765765
152,Marvin Bagley III,DET,F,16.524799999999995,20.2366,11.01,0.92,1.99,4.35,6.34,0.57,0.39,0.88,2.1,23.2,3.75,7.2,0.5206,0.6944,1.96,0.354032,1.596,2.32,0.68733
153,LaMelo Ball,CHA,G,35.89830000000001,42.75410000000001,20.05,7.3,1.33,4.79,6.12,1.54,0.39,2.88,2.97,31.04,4.2,8.7,0.4825,2.9344000000000006,7.54,0.38908800000000004,3.1395000000000004,3.8,0.8251950000000001
154,Lonzo Ball,CHI,G,27.705800000000004,35.2526,12.55,5.22,0.85,4.06,4.909999999999999,1.39,0.61,2.0,2.0,30.47,1.96,4.16,0.4716,3.1584000000000003,8.09,0.390208,1.029,1.25,0.820365
155,Mo Bamba,ORL,C,24.043300000000002,29.542100000000005,11.44,1.22,2.0,6.37,8.370000000000001,0.48,1.42,1.07,2.27,26.3,2.62,4.91,0.5332,1.7024000000000001,4.42,0.38550400000000007,1.2285,1.59,0.7739550000000001
156,Desmond Bane,MEM,G,21.0868,27.8796,15.12,2.17,0.58,3.44,4.02,1.01,0.33,1.42,2.53,29.36,3.13,6.25,0.5009,2.8784,7.27,0.39603200000000005,1.6800000000000002,1.96,0.858585
157,Harrison Barnes,SAC,F,20.764200000000002,26.7424,14.55,2.51,0.88,4.47,5.35,0.64,0.22,1.34,1.28,32.36,3.39,6.56,0.5165,1.9936000000000003,5.11,0.38998400000000005,3.507,4.13,0.84945
158,RJ Barrett,NYK,F,25.9082,30.857899999999994,20.72,3.18,0.93,4.8,5.7299999999999995,0.7,0.25,1.96,2.02,34.22,3.05,7.2,0.4237,2.3296,6.01,0.38752000000000003,4.599,5.88,0.782565
159,Will Barton,WAS,G,19.015,26.2975,9.94,4.1,0.57,4.1,4.67,0.76,0.37,1.78,1.58,25.45,2.9,6.19,0.4684,2.128,5.49,0.38752000000000003,1.2389999999999999,1.47,0.8422050000000001
160,Keita Bates-Diop,SAS,F,9.8259,12.0953,7.32,0.75,0.8,2.63,3.4299999999999997,0.41,0.21,0.9,1.8,17.56,2.15,4.39,0.4896,0.5712,1.65,0.345744,1.1235000000000002,1.48,0.7578900000000001
161,Nicolas Batum,LAC,G,16.1852,20.888899999999996,6.89,1.63,0.56,3.28,3.84,0.83,0.53,0.58,1.75,21.1,1.0,1.87,0.5354,1.8816000000000002,4.79,0.39256,0.462,0.65,0.70539
162,Kent Bazemore,SAC,G,7.574600000000001,10.9082,2.84,0.97,0.33,2.2,2.5300000000000002,0.56,0.23,0.48,1.45,14.71,1.11,2.35,0.4722,0.8288000000000001,2.17,0.38180800000000004,0.35700000000000004,0.54,0.66087
163,Darius Bazley,OKC,F,20.8098,25.9106,11.55,1.5,0.99,6.21,7.2,0.77,0.88,1.5,1.13,27.94,2.9,5.85,0.4958,1.4784000000000002,3.93,0.37654400000000005,1.7429999999999999,2.36,0.7371
164,Bradley Beal,WAS,G,28.644399999999997,33.0733,24.23,5.03,0.93,3.21,4.14,1.02,0.36,3.37,2.12,36.59,7.09,13.8,0.5136,2.0832,5.35,0.38964800000000005,3.948,4.62,0.85365
165,Malik Beasley,UTA,G,15.1929,22.4358,10.39,1.89,0.49,2.48,2.9699999999999998,0.59,0.22,0.8,1.15,23.98,1.65,3.45,0.4777,2.8112,7.26,0.3870720000000001,0.8505000000000001,1.0,0.852285
166,Davis Bertans,DAL,F,6.235,11.063500000000001,3.58,0.61,0.27,1.66,1.93,0.41,0.2,0.4,1.39,9.96,0.85,1.89,0.4508,1.4560000000000002,3.79,0.38427200000000006,0.6930000000000001,0.91,0.76524
167,Patrick Beverley,LAL,G,21.601599999999998,24.734700000000004,9.14,3.92,0.87,2.69,3.56,0.85,0.71,1.13,2.38,19.89,1.57,3.36,0.4666,1.5568,4.03,0.386288,1.008,1.22,0.82425
168,Saddiq Bey,DET,F,26.2196,32.6282,19.76,2.9,1.0,4.12,5.12,0.88,0.26,1.25,1.87,26.51,3.8,8.35,0.4552,2.8448,7.33,0.38830400000000004,1.8900000000000001,2.22,0.851235
169,Khem Birch,TOR,C,12.023399999999999,14.275799999999998,5.12,0.83,2.32,2.55,4.869999999999999,0.54,0.52,0.57,1.84,16.29,2.25,4.39,0.5127,0.17920000000000003,0.64,0.279888,0.9450000000000001,1.25,0.75306
170,Goga Bitadze,IND,C,14.585800000000003,16.5031,8.19,1.05,1.32,2.9,4.22,0.46,0.77,0.85,2.19,16.49,2.22,4.18,0.5309,0.6384,1.93,0.33051200000000003,1.4489999999999998,1.98,0.733635
171,Bismack Biyombo,PHX,C,10.3403,12.0176,4.38,0.57,1.51,3.03,4.54,0.29,0.73,0.61,1.86,12.14,2.03,3.55,0.5716,0.022400000000000003,0.35,0.064848,0.9555000000000001,1.71,0.55944
172,Bogdan Bogdanovic,ATL,G,22.6145,28.731999999999996,15.95,2.35,0.46,3.49,3.95,0.97,0.21,1.17,1.99,28.4,2.64,5.15,0.5123,2.968,7.58,0.39155200000000007,1.2285,1.44,0.85365
173,Bojan Bogdanovic,DET,F,18.854300000000002,25.433100000000003,17.96,1.52,0.68,3.1,3.7800000000000002,0.52,0.13,1.63,1.45,24.43,3.31,6.5,0.509,2.8784,7.34,0.39211200000000007,3.3075,3.8,0.871185
174,Bol Bol,ORL,C,6.7996,7.644700000000002,4.46,0.68,0.4,1.63,2.03,0.28,0.24,0.58,1.39,16.78,1.09,2.42,0.4501,0.26880000000000004,0.83,0.32547200000000004,0.672,1.02,0.6560400000000001
175,Marques Bolden,MIL,C,9.941300000000002,9.846100000000002,6.46,0.68,0.79,1.82,2.6100000000000003,0.49,0.32,0.39,1.53,9.71,1.73,3.97,0.4363,0.022400000000000003,0.28,0.079408,0.5565000000000001,1.03,0.53886
176,Devin Booker,PHX,G,33.70589999999999,39.7363,26.88,5.18,0.7,4.4,5.1000000000000005,0.95,0.37,2.55,2.45,33.49,6.81,13.26,0.5136,2.7552000000000003,7.09,0.38886400000000004,5.365500000000001,6.15,0.87192
177,Chris Boucher,TOR,F,18.179800000000004,20.459599999999995,10.44,0.56,1.93,3.46,5.39,0.52,0.86,0.66,2.27,19.26,2.29,4.35,0.526,0.9744,2.52,0.38718400000000003,1.4909999999999999,1.83,0.81396
178,Tony Bradley,CHI,C,9.088199999999999,10.8944,3.69,0.72,1.09,2.79,3.88,0.29,0.65,0.62,0.91,10.28,1.75,3.1,0.5654,0.08960000000000001,0.99,0.09072000000000001,0.609,0.89,0.6865950000000001
179,Mikal Bridges,PHX,F,23.685500000000005,27.610000000000003,15.37,2.46,0.93,2.89,3.8200000000000003,0.98,0.56,0.82,1.77,33.86,4.1,7.61,0.5388,1.9040000000000001,4.92,0.38718400000000003,1.8375000000000001,2.16,0.849135
180,Oshae Brissett,IND,F,15.129400000000002,19.7193,7.46,1.18,1.38,3.71,5.09,0.74,0.53,0.78,1.85,24.32,1.98,4.05,0.489,1.2432000000000003,3.22,0.3865120000000001,1.7429999999999999,2.24,0.7785750000000001
181,Malcolm Brogdon,BOS,G,27.7657,32.5034,17.15,5.47,0.79,3.74,4.53,0.74,0.34,1.97,1.88,30.54,3.96,7.48,0.5292,2.0496000000000003,5.29,0.38752000000000003,3.4965,4.02,0.8699250000000001
182,Armoni Brooks,ATL,G,10.434799999999997,14.8036,5.62,1.31,0.42,1.9,2.32,0.51,0.23,0.5,1.09,12.69,0.8,1.63,0.4923,1.6464,4.39,0.3746400000000001,0.462,0.62,0.74235
183,Dillon Brooks,MEM,G,21.269499999999997,25.6605,17.14,3.09,0.77,2.38,3.15,0.96,0.31,1.49,2.95,26.12,4.95,10.71,0.4623,1.7360000000000002,4.57,0.3796800000000001,2.6774999999999998,3.12,0.858585
184,Bruce Brown,DEN,G,19.5594,21.210299999999997,9.88,2.34,1.19,3.34,4.529999999999999,0.91,0.55,0.92,2.04,25.05,2.97,5.67,0.5234,0.6272000000000001,1.66,0.377888,1.5750000000000002,2.0,0.7863450000000001
185,Jaylen Brown,BOS,G,29.2819,35.5663,25.14,3.34,0.89,5.1,5.989999999999999,1.03,0.37,2.93,2.38,34.37,6.27,11.83,0.5298,2.7552000000000003,7.1,0.38819200000000004,4.2315000000000005,5.35,0.7910699999999999
186,Moses Brown,LAC,C,10.0332,10.527899999999999,5.59,0.34,1.13,2.24,3.37,0.39,0.67,0.68,1.56,12.36,2.01,3.53,0.5688,0.033600000000000005,0.52,0.064848,0.9660000000000001,1.48,0.6528900000000001
187,Sterling Brown,HOU,G,9.116599999999998,12.569700000000001,6.2,0.81,0.47,2.01,2.4799999999999995,0.44,0.17,0.56,1.34,16.16,1.22,2.76,0.4428,1.2208,3.27,0.373296,0.525,0.66,0.800205
188,Charlie Brown Jr.,PHI,G,7.0198,8.2296,3.58,0.9,0.65,1.26,1.9100000000000001,0.41,0.22,0.45,0.93,12.33,0.89,2.04,0.4356,0.35840000000000005,1.17,0.30598400000000003,0.48300000000000004,0.77,0.627375
189,Troy Brown Jr.,LAL,G,11.362200000000001,13.9159,6.45,1.56,0.53,1.79,2.3200000000000003,0.45,0.24,0.58,1.28,18.2,1.18,2.4,0.4907,1.0976000000000001,2.92,0.375648,0.5670000000000001,0.75,0.7539
190,Jalen Brunson,NYK,G,25.6264,30.402800000000006,14.58,5.9,0.43,3.72,4.15,0.75,0.12,1.52,2.02,29.33,4.47,8.51,0.5253,1.6352000000000002,4.21,0.38830400000000004,2.016,2.38,0.84735
191,Thomas Bryant,LAL,C,14.041199999999998,16.131899999999998,9.2,1.01,0.92,2.6,3.52,0.29,0.73,0.74,1.97,12.16,2.41,4.44,0.5423,0.8176000000000001,2.32,0.352464,1.806,2.39,0.75453
192,Reggie Bullock,DAL,G,12.728100000000001,20.1802,7.09,1.46,0.36,2.97,3.33,0.59,0.2,0.51,1.57,24.1,1.28,2.52,0.5088,2.5088000000000004,6.42,0.39099200000000006,0.6405,0.75,0.8550150000000001
193,Trey Burke,HOU,G,10.7263,12.8651,5.82,2.61,0.23,1.17,1.4,0.44,0.1,0.54,1.08,13.28,1.98,4.21,0.4703,0.6944,1.84,0.37688000000000005,0.5775000000000001,0.69,0.8423100000000001
194,Alec Burks,DET,G,14.317900000000002,20.962799999999994,7.38,2.25,0.51,3.11,3.62,0.83,0.27,1.0,2.43,26.47,1.63,3.69,0.4412,2.0272,5.17,0.392448,2.3835,2.79,0.85365
195,Jimmy Butler,MIA,F,29.947200000000006,32.2044,19.25,4.96,1.38,3.86,5.24,1.55,0.37,2.28,1.38,29.88,6.42,12.47,0.5149,0.7056000000000001,1.9,0.37128000000000005,6.426,7.47,0.860475
196,Devontae Cacok,POR,F,10.877799999999999,10.529599999999999,5.74,0.38,1.16,2.43,3.59,0.4,0.4,0.49,1.47,7.6,1.16,2.0,0.5788,0.022400000000000003,0.34,0.06563200000000001,0.48300000000000004,0.78,0.621075
197,Kentavious Caldwell-Pope,DEN,G,16.484900000000003,23.103800000000007,11.47,1.81,0.43,3.02,3.45,0.96,0.28,1.08,1.77,27.5,2.65,5.99,0.4421,2.4192000000000005,6.17,0.392,1.1864999999999999,1.37,0.8689800000000001
198,Vlatko Cancar,DEN,F,8.5695,11.811499999999999,4.41,1.53,0.4,2.11,2.51,0.29,0.23,0.55,1.47,10.85,1.62,3.18,0.5099,0.784,2.1,0.373632,0.6615000000000001,0.96,0.688275
199,Devin Cannady,ORL,G,15.434199999999999,21.930400000000002,9.34,1.96,0.9,1.32,2.22,0.74,0.53,0.7,1.28,18.04,1.39,3.05,0.4558,2.6656,6.95,0.38360000000000005,1.533,1.98,0.774375
200,Clint Capela,ATL,C,27.600799999999992,29.668599999999998,10.77,1.13,3.8,7.74,11.54,0.6,1.35,0.79,2.09,26.24,3.15,5.56,0.5666,0.022400000000000003,0.1,0.21369600000000002,1.1760000000000002,1.9,0.61866
201,Vernon Carey Jr.,WAS,F,7.436400000000001,9.1993,3.6,0.39,1.29,2.4,3.69,0.4,0.23,0.5,1.53,7.11,1.49,2.94,0.506,0.06720000000000001,0.38,0.17796800000000004,1.092,1.55,0.70392
202,Jevon Carter,MIL,G,10.7584,14.049300000000002,5.82,1.83,0.27,1.35,1.62,0.5,0.21,0.53,1.13,14.92,0.88,1.92,0.459,1.4112000000000002,3.7,0.38192000000000004,0.546,0.75,0.728175
203,Wendell Carter Jr.,ORL,C,27.760600000000004,34.16319999999999,13.92,3.01,2.31,8.32,10.63,0.67,0.75,1.83,2.53,27.94,3.41,6.51,0.5235,1.4448,3.85,0.37486400000000003,2.7510000000000003,3.52,0.7809900000000001
204,Alex Caruso,CHI,G,16.6741,19.4397,6.63,2.84,0.78,2.56,3.34,1.25,0.33,1.3,2.08,23.96,1.28,2.77,0.4623,1.1648,3.05,0.38225600000000004,1.3545,1.84,0.7343700000000001
205,Zylan Cheatham,NOP,F,5.0279,6.9038,3.6,0.66,0.69,1.13,1.8199999999999998,0.28,0.18,0.79,1.08,10.1,0.7,1.45,0.4837,0.5712,1.87,0.30587200000000003,0.5355000000000001,1.03,0.52227
206,Chris Chiozza,BKN,G,9.8174,12.065299999999999,2.82,3.42,0.26,1.23,1.49,0.42,0.18,0.97,0.85,13.47,0.75,1.7,0.4419,0.6832,1.83,0.373632,0.441,0.82,0.534765
207,Marquese Chriss,HOU,F,8.9288,12.220600000000001,4.32,1.1,1.11,2.41,3.5200000000000005,0.46,0.57,0.68,1.9,13.83,2.28,5.29,0.4309,0.41440000000000005,1.17,0.354144,0.8400000000000001,1.36,0.619395
208,Brandon Clarke,MEM,F,17.5299,19.6893,7.92,1.33,1.77,3.71,5.48,0.68,0.92,0.66,1.9,20.27,3.88,6.75,0.5745,0.23520000000000002,0.78,0.30150400000000005,1.0395,1.47,0.7056000000000001
209,Jordan Clarkson,UTA,G,22.573299999999996,27.400599999999994,18.81,2.37,0.74,2.41,3.1500000000000004,0.77,0.18,1.48,1.76,27.11,3.27,6.4,0.5113,2.8224000000000005,7.2,0.39211200000000007,1.6485,1.93,0.85365
210,Nic Claxton,BKN,C,20.8295,22.788500000000003,10.61,1.07,2.2,4.84,7.04,0.54,1.29,0.84,2.37,24.48,5.08,8.59,0.5912,0.05600000000000001,0.45,0.12331200000000002,1.2075,1.96,0.61467
211,Amir Coffey,LAC,G,11.729,16.679999999999996,6.06,2.13,0.38,2.26,2.6399999999999997,0.65,0.21,0.73,1.3,18.99,1.69,3.6,0.4698,1.4560000000000002,3.73,0.39009600000000005,1.827,2.31,0.78939
212,John Collins,ATL,F,26.627299999999998,29.500099999999996,16.3,1.36,1.77,5.43,7.199999999999999,0.64,0.95,1.05,2.89,28.09,2.88,5.38,0.5349,1.5904,4.11,0.38718400000000003,2.0265,2.45,0.82845
213,Zach Collins,SAS,F,15.3163,18.6146,7.84,1.73,1.64,3.95,5.59,0.51,0.52,1.3,2.46,24.93,2.33,4.53,0.5146,0.6944,1.81,0.38259200000000004,1.8375000000000001,2.31,0.795165
214,Mike Conley,UTA,G,25.702400000000004,29.502800000000004,16.09,4.63,0.59,2.08,2.67,1.08,0.28,1.67,1.92,28.8,2.52,5.24,0.4806,2.4752,6.31,0.3922240000000001,1.9320000000000002,2.27,0.8515500000000001
215,Pat Connaughton,MIL,G,17.510300000000004,21.426600000000004,8.98,1.99,0.64,2.86,3.5,0.79,0.23,0.45,1.58,20.25,1.08,2.01,0.536,1.8704,4.8,0.38953600000000005,0.6194999999999999,0.76,0.82026
216,Quinn Cook,SAC,G,5.5577000000000005,8.925400000000002,3.44,0.94,0.24,1.51,1.75,0.32,0.1,0.53,0.85,9.66,1.22,2.7,0.4515,0.8736000000000002,2.31,0.378448,0.4305,0.52,0.82824
217,Robert Covington,LAC,F,20.554499999999997,26.1215,7.42,1.34,0.87,4.75,5.62,1.17,1.13,0.92,2.27,27.24,1.13,2.29,0.4941,2.128,5.48,0.38864,0.8085000000000001,0.95,0.84819
218,Torrey Craig,PHX,F,10.794599999999999,15.3027,4.75,1.05,0.98,2.9,3.88,0.55,0.4,0.7,1.43,19.57,1.66,3.12,0.5321,1.1648,3.05,0.38192000000000004,0.525,0.68,0.773115
219,Jae Crowder,PHX,F,19.453899999999997,24.6343,9.78,1.7,0.43,4.44,4.87,1.2,0.35,0.82,2.33,28.34,1.43,3.05,0.4682,2.0832,5.38,0.38729600000000003,1.2075,1.53,0.790965
220,Jarrett Culver,ATL,G,6.0372,8.288900000000002,4.01,0.9,0.49,1.03,1.52,0.48,0.21,0.6,1.07,14.6,1.6,3.44,0.4646,0.5376000000000001,1.59,0.33868800000000004,0.882,1.38,0.640815
221,Seth Curry,BKN,G,18.201300000000003,24.321600000000004,13.35,3.31,0.3,1.9,2.1999999999999997,0.76,0.15,1.54,2.11,25.75,2.94,5.9,0.498,2.6544000000000003,6.68,0.397488,1.3125,1.51,0.87045
222,Stephen Curry,GSW,G,33.7954,43.933800000000005,25.88,4.67,0.42,4.71,5.13,1.16,0.31,2.85,1.92,32.7,3.76,7.24,0.5193,4.9392000000000005,12.51,0.39468800000000004,4.3469999999999995,4.97,0.874125
223,Anthony Davis,LAL,F,34.787499999999994,38.56399999999999,21.33,2.51,2.46,7.2,9.66,1.17,1.99,2.16,2.06,32.99,8.13,15.47,0.5257,0.784,2.7,0.28996800000000006,3.7695,4.84,0.7788900000000001
224,Terence Davis,SAC,G,13.1838,17.1096,8.77,1.5,0.39,2.1,2.49,0.71,0.33,0.95,1.72,20.02,2.34,4.56,0.5129,1.5344000000000002,3.98,0.385168,1.1550000000000002,1.36,0.85239
225,DeMar DeRozan,CHI,G,30.57329999999999,32.621599999999994,25.48,4.63,0.66,4.6,5.26,0.87,0.29,2.36,1.98,34.84,8.5,16.51,0.5148,0.7504000000000001,1.99,0.37710400000000005,5.7225,6.57,0.87129
226,Dewayne Dedmon,MIA,C,11.035499999999999,13.8755,5.06,0.72,1.06,3.51,4.57,0.44,0.5,0.67,2.04,13.66,2.03,3.74,0.5423,0.44800000000000006,1.34,0.335552,1.0395,1.34,0.7744800000000001
227,Matthew Dellavedova,SAC,G,8.645299999999999,10.3676,3.96,2.38,0.33,0.99,1.32,0.41,0.12,0.73,1.09,13.62,0.77,1.59,0.4836,0.6384,2.32,0.27529600000000004,0.3885,0.58,0.671895
228,Donte DiVincenzo,GSW,G,14.449200000000001,20.1289,6.42,2.89,0.82,2.74,3.56,0.96,0.23,1.42,1.6,14.92,1.17,2.62,0.4466,1.8256000000000001,5.15,0.3548160000000001,1.218,1.5,0.813855
229,Mamadi Diakite,CLE,F,11.724599999999999,12.8317,5.36,0.62,1.23,2.96,4.1899999999999995,0.52,0.52,0.58,1.73,13.53,1.5,2.93,0.5118,0.21280000000000002,0.75,0.28313600000000005,0.8190000000000001,1.13,0.7236600000000001
230,Hamidou Diallo,DET,G,17.0775,19.549500000000002,11.44,1.63,1.12,3.62,4.74,0.91,0.32,0.97,2.25,22.22,3.86,7.61,0.5072,0.56,1.68,0.333872,2.2575,3.29,0.686175
231,Gorgui Dieng,SAS,C,8.006700000000002,11.857400000000004,3.87,0.87,0.64,2.06,2.7,0.39,0.31,0.72,1.3,14.21,0.91,1.7,0.5368,1.1536000000000002,2.97,0.38875200000000004,0.8295000000000001,1.04,0.7966350000000001
232,Spencer Dinwiddie,DAL,G,20.9563,25.375600000000002,12.35,4.11,0.59,3.65,4.24,0.71,0.23,1.49,2.01,25.0,2.55,5.53,0.4613,1.5904,4.24,0.37497600000000003,2.8455,3.44,0.82677
233,Luka Doncic,DAL,F,43.8787,53.19340000000001,27.14,8.77,0.9,8.49,9.39,1.06,0.58,3.95,2.16,35.43,5.71,10.97,0.5205,3.5056000000000003,9.1,0.38528,5.6175,7.12,0.7885500000000001
234,Tyler Dorsey,DAL,G,10.955000000000002,13.304000000000002,7.78,1.35,0.48,1.72,2.2,0.46,0.14,0.67,0.97,18.17,1.44,3.08,0.4676,1.064,2.84,0.37508800000000003,0.987,1.42,0.6952050000000001
235,Luguentz Dort,OKC,G,20.4157,27.022900000000003,18.01,1.92,0.63,3.45,4.08,0.96,0.37,2.09,2.64,31.92,3.52,7.64,0.461,2.7776,7.25,0.38315200000000005,3.7905,4.63,0.81942
236,Devon Dotson,WAS,G,7.5578,9.5951,4.01,1.46,0.23,1.74,1.97,0.4,0.12,0.47,1.31,11.82,1.01,2.04,0.4953,0.5264,1.8,0.292544,0.9450000000000001,1.65,0.5724600000000001
237,Goran Dragic,CHI,G,14.465299999999997,17.084600000000002,6.02,3.35,0.44,2.55,2.9899999999999998,0.71,0.22,1.13,1.63,21.51,1.95,4.0,0.488,0.7504000000000001,1.97,0.38169600000000004,0.9345000000000001,1.12,0.83139
238,Andre Drummond,CHI,C,23.3255,24.414,10.88,1.67,2.62,6.11,8.73,1.01,0.78,1.49,2.64,20.46,2.94,5.63,0.522,0.05600000000000001,0.35,0.16004800000000002,1.3335000000000001,2.21,0.6038549999999999
239,Kevin Durant,BKN,F,36.3041,43.97170000000001,27.61,5.41,0.52,7.71,8.23,0.78,0.69,3.52,2.02,34.1,8.05,15.17,0.5305,2.7328,6.97,0.39211200000000007,4.168500000000001,4.74,0.87864
240,Anthony Edwards,MIN,G,29.1167,33.734899999999996,20.06,3.48,0.89,4.04,4.93,1.32,0.55,2.61,2.19,31.12,2.63,5.13,0.5127,2.9456,7.66,0.384496,3.6854999999999998,4.51,0.8170050000000001
241,CJ Elleby,MIN,F,13.999100000000002,16.4957,8.21,1.41,1.03,2.78,3.8099999999999996,0.68,0.28,0.99,1.75,24.7,1.64,3.34,0.4916,0.9968000000000001,2.62,0.380128,1.1655000000000002,1.54,0.75705
242,Joel Embiid,PHI,C,44.5758,47.964600000000004,30.36,4.63,2.07,8.95,11.02,0.98,1.28,3.0,2.76,33.65,7.24,13.97,0.5184,1.4784000000000002,3.82,0.3870720000000001,8.799000000000001,10.31,0.85365
243,Drew Eubanks,POR,F,18.0867,19.1544,10.0,1.33,1.9,4.02,5.92,0.48,0.74,0.98,1.86,17.54,3.23,5.86,0.551,0.1456,0.67,0.21840000000000004,1.3755000000000002,1.78,0.77259
244,Derrick Favors,OKC,F,12.3103,13.9286,5.88,0.87,1.38,3.34,4.72,0.4,0.45,0.47,1.67,13.29,2.1,3.89,0.5394,0.13440000000000002,0.6,0.22332800000000003,0.8714999999999999,1.24,0.702555
245,Bruno Fernando,HOU,F,9.406,9.8455,4.63,0.52,1.06,2.22,3.2800000000000002,0.31,0.53,0.61,1.61,16.75,1.47,2.67,0.5514,0.05600000000000001,0.33,0.171024,0.504,0.77,0.6561450000000001
246,Dorian Finney-Smith,DAL,F,18.3364,24.314800000000005,10.75,1.62,1.28,3.34,4.62,0.89,0.4,0.99,2.23,30.57,2.16,4.06,0.5314,2.3072000000000004,5.92,0.38964800000000005,0.672,0.92,0.731325
247,Malachi Flynn,TOR,G,10.2004,13.1313,4.62,2.33,0.25,1.8,2.05,0.61,0.12,0.64,1.14,15.54,1.58,3.47,0.4548,0.7952,2.24,0.35571200000000003,0.63,0.86,0.73101
248,Bryn Forbes,MIN,G,7.636700000000001,11.828400000000002,6.83,1.36,0.25,0.95,1.2,0.38,0.1,1.14,1.24,18.88,1.45,3.13,0.4638,1.6016000000000001,4.04,0.39636800000000005,1.1235000000000002,1.36,0.82488
249,Trent Forrest,ATL,G,9.8902,10.341400000000002,5.08,1.83,0.45,1.45,1.9,0.54,0.13,0.79,1.21,13.66,1.4,2.67,0.525,0.25760000000000005,0.9,0.28694400000000003,0.735,0.93,0.793275
250,Evan Fournier,NYK,G,18.0274,23.6178,12.09,2.28,0.35,2.26,2.61,0.91,0.28,1.08,2.03,29.49,1.78,3.81,0.4666,2.6432,6.82,0.38752000000000003,1.281,1.55,0.824775
251,De'Aaron Fox,SAC,G,32.64399999999999,36.7025,22.22,7.35,0.49,3.48,3.9699999999999998,1.16,0.37,2.87,2.47,34.21,6.46,12.57,0.5141,1.7920000000000003,4.77,0.375648,5.04,6.37,0.791595
252,Markelle Fultz,ORL,G,17.076900000000002,20.2163,7.93,5.18,0.44,2.16,2.6,0.98,0.28,1.85,1.73,14.21,3.98,8.3,0.4795,0.5152000000000001,1.48,0.348432,2.2365,2.62,0.85302
253,Wenyen Gabriel,LAL,F,11.1617,13.910400000000001,7.1,0.75,1.22,2.73,3.95,0.29,0.35,0.53,1.77,15.3,1.66,3.33,0.499,0.7616000000000002,2.23,0.342272,1.0185,1.53,0.6663300000000001
254,Daniel Gafford,WAS,F,20.936199999999996,22.577900000000007,10.68,1.14,2.34,4.86,7.2,0.48,1.26,1.01,2.31,20.73,4.5,7.69,0.5851,0.033600000000000005,0.5,0.066752,1.6590000000000003,2.2,0.75558
255,Danilo Gallinari,BOS,F,12.629900000000001,18.1783,8.41,1.1,0.39,3.25,3.64,0.49,0.21,0.61,1.4,20.77,1.75,3.76,0.4651,1.8032000000000004,4.58,0.39401600000000003,1.5435,1.76,0.8764350000000001
256,Langston Galloway,IND,G,6.7805,9.53,1.48,2.49,0.37,0.91,1.28,0.34,0.12,0.58,1.0,13.51,0.5,1.06,0.47,0.672,2.3,0.292432,0.34650000000000003,0.47,0.73185
257,Darius Garland,CLE,G,31.766700000000004,37.5844,20.5,8.05,0.56,2.69,3.25,1.19,0.14,3.03,1.8,34.53,5.55,10.89,0.5097,2.5536,6.52,0.391776,3.7695,4.36,0.864045
258,Rudy Gay,UTA,F,11.234,15.399999999999997,6.75,0.94,0.87,2.94,3.81,0.49,0.3,0.79,1.63,19.0,1.67,3.56,0.4691,1.2320000000000002,3.18,0.38796800000000004,0.8400000000000001,1.02,0.8253
259,Paul George,LAC,F,35.24850000000001,41.622,25.23,5.42,0.58,6.29,6.87,1.41,0.36,3.63,2.15,32.39,5.07,10.19,0.4974,3.08,7.93,0.38830400000000004,4.168500000000001,4.79,0.8699250000000001
260,Taj Gibson,WAS,F,11.5792,14.069399999999998,3.28,0.63,1.55,3.09,4.64,0.49,0.81,0.48,2.21,14.94,1.48,2.7,0.5473,0.36960000000000004,1.12,0.32883200000000007,0.8400000000000001,1.08,0.7799400000000001
261,Shai Gilgeous-Alexander,OKC,G,35.3061,38.737700000000004,25.1,6.1,0.68,4.24,4.92,1.14,0.64,2.82,2.39,35.0,6.58,12.78,0.5148,1.8928,4.89,0.386736,6.1005,7.19,0.8485050000000001
262,Anthony Gill,WAS,F,7.856700000000001,9.1159,4.04,0.78,0.77,1.55,2.3200000000000003,0.27,0.28,0.4,1.38,7.52,1.07,1.98,0.5411,0.36960000000000004,1.07,0.345072,0.7875000000000001,1.01,0.77637
263,Rudy Gobert,MIN,C,27.716799999999992,32.237100000000005,11.27,1.13,3.08,9.68,12.76,0.63,1.93,1.81,2.54,30.65,5.23,8.89,0.5882,0.022400000000000003,0.17,0.12868800000000002,3.8220000000000005,5.23,0.730485
264,Aaron Gordon,DEN,F,26.198700000000002,27.8429,17.44,2.38,1.77,4.55,6.32,0.67,0.63,1.51,2.02,30.71,3.16,6.01,0.5258,1.2656,3.35,0.378336,2.4675000000000002,3.3,0.7478100000000001
265,Eric Gordon,HOU,G,16.6492,20.605900000000002,13.45,2.45,0.28,1.96,2.24,0.49,0.31,1.6,1.12,28.47,2.32,4.45,0.5208,2.1056,5.61,0.37542400000000004,2.058,2.47,0.83202
266,Devonte' Graham,NOP,G,17.686500000000002,24.7155,8.52,4.75,0.37,1.79,2.16,0.85,0.15,1.36,1.36,26.85,1.6,3.62,0.4416,2.576,6.67,0.386288,1.3545,1.59,0.85197
267,Jerami Grant,POR,F,23.3134,29.1228,18.91,2.63,0.54,3.7,4.24,0.83,0.75,1.85,2.06,33.93,4.55,10.17,0.4474,2.3072000000000004,5.98,0.386064,4.179,4.91,0.851235
268,Danny Green,MEM,G,12.019000000000004,16.119,4.44,1.2,0.55,1.82,2.37,0.87,0.62,0.63,1.61,18.04,0.57,1.39,0.4104,1.6800000000000002,4.31,0.38942400000000005,0.399,0.52,0.76902
269,Draymond Green,GSW,F,24.881900000000005,27.3583,7.06,5.23,0.83,5.53,6.36,1.18,0.9,2.19,2.68,20.14,1.85,3.59,0.5153,0.6832,2.11,0.32424000000000003,1.1655000000000002,1.62,0.7183050000000001
270,JaMychal Green,GSW,F,10.744800000000001,13.945100000000002,5.74,0.95,0.97,3.07,4.04,0.44,0.37,0.89,2.35,14.55,1.82,3.51,0.5183,0.7504000000000001,1.98,0.37923200000000007,1.1340000000000001,1.36,0.834225
271,Javonte Green,CHI,G,13.198000000000002,15.961999999999996,7.03,0.82,1.23,2.98,4.21,0.7,0.36,0.59,1.98,16.77,2.31,4.34,0.5318,0.7280000000000001,1.92,0.3797920000000001,1.092,1.34,0.81228
272,Jeff Green,DEN,F,11.6707,14.999400000000001,7.86,1.52,0.44,2.76,3.1999999999999997,0.45,0.35,0.94,1.9,20.92,3.28,6.23,0.5261,0.7056000000000001,1.82,0.38696,2.0895,2.48,0.84378
273,Josh Green,DAL,G,11.386000000000003,12.376500000000004,6.94,1.28,0.82,1.61,2.43,0.66,0.19,0.79,1.68,21.49,1.36,2.58,0.5271,0.6160000000000001,1.89,0.32547200000000004,1.1340000000000001,1.62,0.69867
274,Rui Hachimura,WAS,F,14.0138,19.2536,11.03,1.03,0.61,3.76,4.37,0.57,0.18,0.83,1.3,21.85,3.77,7.36,0.5123,1.4224,3.69,0.3859520000000001,1.2389999999999999,1.59,0.7809900000000001
275,Tyrese Haliburton,IND,G,36.09810000000001,38.4442,17.8,7.49,0.86,3.46,4.32,1.59,0.55,2.63,1.87,31.51,2.71,5.42,0.5003,2.2288,5.65,0.39446400000000004,2.3205,2.72,0.85365
276,R.J. Hampton,ORL,G,13.274799999999999,14.7786,9.06,2.27,0.48,1.96,2.44,0.66,0.22,1.43,1.39,21.93,2.1,4.4,0.4777,0.8064,2.17,0.371616,1.302,1.87,0.694785
277,Tim Hardaway Jr.,DAL,G,19.41,25.214000000000002,15.42,1.76,0.29,2.43,2.72,0.81,0.17,0.74,1.44,26.63,2.54,5.22,0.4865,2.856,7.37,0.38752000000000003,1.6380000000000001,1.99,0.8240400000000001
278,James Harden,PHI,G,40.4875,43.741000000000014,23.31,9.07,0.77,5.06,5.83,1.08,0.7,3.65,2.2,32.97,4.15,8.49,0.4887,2.0720000000000005,5.35,0.38763200000000003,7.0035,8.07,0.867405
279,Maurice Harkless,OKC,F,9.223100000000002,10.885700000000002,5.24,0.85,0.35,1.24,1.5899999999999999,0.63,0.37,0.64,1.69,21.93,1.22,2.33,0.5235,0.8288000000000001,2.22,0.373632,0.9555000000000001,1.31,0.729855
280,Montrezl Harrell,PHI,F,15.438200000000002,17.9954,9.0,1.65,2.09,2.87,4.96,0.56,0.56,1.0,2.02,21.44,4.38,7.45,0.5881,0.1456,0.52,0.278208,3.087,4.09,0.755685
281,Gary Harris,ORL,G,14.2137,19.467900000000004,10.43,1.8,0.53,1.7,2.23,0.84,0.2,1.0,1.69,24.02,2.5,5.23,0.4782,2.0496000000000003,5.27,0.38886400000000004,1.7745,2.08,0.8551200000000001
282,Joe Harris,BKN,G,12.6702,19.6324,9.13,1.46,0.5,2.47,2.97,0.5,0.17,1.07,1.62,22.67,1.21,2.6,0.4656,2.6656,6.62,0.40286400000000006,1.029,1.24,0.830655
283,Tobias Harris,PHI,F,27.462999999999997,32.496,17.71,3.67,0.92,5.43,6.35,0.68,0.69,1.65,2.04,31.49,4.92,9.52,0.5169,1.7360000000000002,4.45,0.39009600000000005,3.1710000000000003,3.71,0.85365
284,Josh Hart,POR,G,21.589499999999997,26.9925,15.13,2.74,0.98,5.7,6.68,0.94,0.27,2.33,2.66,33.07,3.83,7.75,0.4941,1.624,4.45,0.364784,2.7615,3.52,0.78351
285,Isaiah Hartenstein,NYK,C,18.381899999999998,19.041299999999996,8.21,2.36,1.34,2.93,4.2700000000000005,0.7,0.93,1.06,2.4,17.03,2.88,5.19,0.5546,0.23520000000000002,0.89,0.263984,1.2915,1.78,0.724185
286,Udonis Haslem,MIA,F,4.423100000000001,5.726700000000001,2.74,0.26,0.41,1.62,2.0300000000000002,0.25,0.1,0.36,1.13,10.15,1.15,2.27,0.5067,0.15680000000000002,0.53,0.29624000000000006,0.40950000000000003,0.62,0.65751
287,Jaxson Hayes,NOP,C,15.522299999999998,17.3931,10.09,0.83,1.63,2.71,4.34,0.47,0.73,0.85,2.28,22.95,3.57,6.15,0.5801,0.5264,1.51,0.347984,2.0895,2.72,0.7670250000000001
288,Killian Hayes,DET,G,11.6164,14.8143,5.03,2.85,0.42,2.3,2.7199999999999998,0.96,0.4,1.93,2.28,21.83,2.18,4.81,0.4535,0.7952,2.14,0.37139200000000006,0.9660000000000001,1.2,0.80472
289,Gordon Hayward,CHA,F,22.303800000000003,26.072099999999995,17.45,2.17,0.72,3.27,3.99,0.95,0.32,1.47,1.83,27.76,3.63,7.43,0.4885,1.9824000000000002,5.14,0.385616,2.919,3.56,0.8201550000000001
290,Juancho Hernangomez,TOR,F,10.354999999999999,12.4135,5.67,0.71,0.73,2.87,3.6,0.4,0.25,0.55,1.03,15.63,0.78,1.49,0.5232,0.7280000000000001,2.06,0.35313600000000006,0.8190000000000001,1.34,0.609
291,Willy Hernangomez,NOP,C,17.128400000000003,19.142300000000002,9.92,1.36,2.52,4.2,6.720000000000001,0.46,0.38,0.95,1.93,21.52,3.16,6.13,0.5157,0.12320000000000002,0.37,0.33152000000000004,1.9320000000000002,2.53,0.762405
292,Tyler Herro,MIA,G,24.348100000000002,30.882700000000003,16.72,4.57,0.45,4.48,4.930000000000001,0.75,0.2,2.4,1.46,29.35,3.29,6.79,0.4847,2.5648000000000004,6.56,0.390768,3.1185000000000005,3.63,0.859635
293,Buddy Hield,IND,G,19.5275,28.804,13.11,2.51,0.78,3.64,4.42,0.91,0.33,1.58,2.15,31.54,2.13,4.8,0.4441,3.4720000000000004,8.9,0.38998400000000005,1.3335000000000001,1.53,0.8699250000000001
294,Haywood Highsmith,MIA,F,3.3393,7.7936,2.34,0.51,0.57,1.2,1.77,0.29,0.19,0.49,1.13,7.02,1.3,2.8,0.4642,0.9744,2.76,0.35280000000000006,0.4305,0.85,0.50421
295,George Hill,MIL,G,11.3141,13.8367,4.13,1.95,0.55,2.24,2.79,0.71,0.2,0.73,1.02,22.3,1.07,2.09,0.513,0.7728,2.0,0.385616,1.0185,1.23,0.83097
296,Nate Hinton,CLE,G,3.9347000000000003,6.1654,2.42,1.24,0.25,1.0,1.25,0.41,0.12,0.65,1.61,8.35,0.89,1.88,0.4729,0.36960000000000004,2.3,0.16083200000000003,0.7454999999999999,1.23,0.60795
297,Aaron Holiday,ATL,G,10.2024,13.1813,5.04,2.09,0.36,1.84,2.2,0.71,0.18,0.99,1.23,14.94,1.68,3.69,0.4557,0.8512000000000001,2.24,0.380016,1.05,1.3,0.8062950000000001
298,Jrue Holiday,MIL,G,31.067199999999993,34.5089,17.77,6.31,0.82,3.49,4.3100000000000005,1.43,0.44,2.71,1.76,28.66,4.63,8.83,0.5241,1.9376000000000002,4.95,0.39110400000000006,1.9320000000000002,2.35,0.82047
299,Justin Holiday,ATL,F,14.186599999999999,20.819200000000002,8.75,1.36,0.34,2.14,2.48,0.72,0.44,0.77,1.51,25.17,1.07,2.2,0.4861,2.7888000000000006,7.2,0.38752000000000003,0.609,0.72,0.8422050000000001
300,Richaun Holmes,SAC,F,18.4299,19.488299999999995,10.58,1.19,1.94,3.91,5.85,0.46,0.86,1.09,2.65,19.02,3.79,6.54,0.5797,0.12320000000000002,0.55,0.22344000000000003,1.9635000000000002,2.39,0.820785
301,Al Horford,BOS,C,23.4227,29.659399999999994,7.62,3.59,1.08,5.43,6.51,0.62,1.21,0.98,1.89,23.73,2.13,4.16,0.5115,1.7696000000000003,4.59,0.3859520000000001,0.9135,1.08,0.849135
302,Talen Horton-Tucker,UTA,G,19.2993,20.7261,11.44,3.07,0.61,2.88,3.4899999999999998,0.95,0.4,1.64,2.13,25.76,2.78,5.72,0.4861,0.9184,2.48,0.37072000000000005,1.3125,1.62,0.8106000000000001
303,Danuel House Jr.,PHI,F,9.976600000000001,14.2937,5.4,1.12,0.4,2.75,3.15,0.45,0.34,0.75,1.24,14.24,1.06,2.21,0.4791,1.3328,3.62,0.36825600000000003,1.0710000000000002,1.44,0.74424
304,Kevin Huerter,SAC,G,18.488999999999997,24.314,12.1,2.53,0.48,2.72,3.2,0.8,0.34,1.29,2.26,28.6,2.41,4.7,0.5127,2.5200000000000005,6.45,0.39043200000000006,0.8190000000000001,0.97,0.8440949999999999
305,De'Andre Hunter,ATL,F,17.1227,20.445399999999996,13.73,1.13,0.55,3.26,3.8099999999999996,0.77,0.36,1.22,2.41,26.94,3.29,6.74,0.4883,1.4896000000000003,3.88,0.38371200000000005,1.9635000000000002,2.37,0.828555
306,Serge Ibaka,MIL,F,12.466799999999997,15.4161,6.6,1.02,1.07,2.88,3.95,0.25,0.65,0.67,1.39,11.23,1.95,3.62,0.5384,0.8624,2.27,0.380128,0.672,0.84,0.80472
307,Andre Iguodala,GSW,G,16.656900000000004,17.9603,4.16,3.56,0.56,2.52,3.08,0.7,0.56,0.81,1.27,17.8,0.56,1.05,0.5311,0.6832,1.84,0.37150400000000006,0.4305,0.59,0.7248150000000001
308,Joe Ingles,MIL,F,13.9181,19.149699999999996,6.02,3.11,0.32,2.78,3.0999999999999996,0.55,0.17,1.13,1.44,21.61,0.91,1.76,0.5162,1.8368,4.75,0.38696,0.5145,0.63,0.810705
309,Brandon Ingram,NOP,F,27.8788,33.171600000000005,22.34,4.98,0.64,4.67,5.31,0.69,0.51,2.68,2.28,34.0,6.97,14.3,0.4874,1.6464,4.25,0.38752000000000003,5.166,6.05,0.85365
310,Kyrie Irving,BKN,G,37.0775,44.410000000000004,26.63,5.03,0.69,3.99,4.68,1.35,0.58,2.11,2.47,36.98,4.95,10.01,0.4943,3.976,10.1,0.39368000000000003,4.3155,4.9,0.8799
311,Jonathan Isaac,ORL,F,23.983600000000003,28.449700000000004,8.06,1.58,1.74,4.91,6.65,1.29,1.99,1.36,1.98,31.08,3.31,6.44,0.5139,1.2768,3.36,0.380128,1.6800000000000002,2.03,0.8261400000000001
312,Wes Iwundu,POR,F,8.7608,11.5636,6.67,0.37,0.71,2.62,3.33,0.31,0.13,0.5,1.3,20.16,1.3,2.75,0.473,0.8064,2.35,0.343504,1.4280000000000002,1.98,0.722295
313,Frank Jackson,PHX,G,14.5898,18.027600000000007,12.18,1.28,0.41,1.74,2.15,0.48,0.17,0.7,1.51,21.46,2.14,4.24,0.5052,1.8144000000000002,4.69,0.38696,1.9110000000000003,2.25,0.85113
314,Josh Jackson,TOR,G,10.406600000000001,15.0122,4.38,1.7,0.55,2.71,3.26,0.56,0.55,0.92,1.82,10.52,2.19,4.28,0.5122,0.9968000000000001,2.71,0.368144,1.3230000000000002,1.75,0.75495
315,Justin Jackson,BOS,F,4.417800000000001,6.1206000000000005,3.39,0.52,0.32,0.76,1.08,0.26,0.1,0.4,0.98,12.79,0.74,1.6,0.4612,0.5824,1.81,0.32256,0.48300000000000004,0.71,0.68271
316,Reggie Jackson,LAC,G,22.107200000000002,26.698400000000003,17.21,4.72,0.4,2.75,3.15,0.6,0.15,1.99,1.98,25.17,4.46,9.87,0.4517,1.9376000000000002,5.0,0.38729600000000003,1.092,1.27,0.8597400000000001
317,Jaren Jackson Jr.,MEM,F,29.0141,32.6052,18.14,1.11,1.45,4.47,5.92,0.96,1.99,1.54,3.2,26.18,3.88,7.93,0.4895,2.1168,5.57,0.380352,3.3705000000000003,3.97,0.848085
318,LeBron James,LAL,F,38.0764,45.755800000000015,27.24,5.99,0.88,6.88,7.76,1.1,0.84,3.5,2.15,34.81,7.28,13.68,0.5321,2.9792000000000005,7.74,0.38472000000000006,4.998,6.48,0.7713300000000001
319,DaQuan Jeffries,NYK,G,8.359300000000003,8.9296,3.72,1.36,0.6,1.09,1.69,0.37,0.2,0.42,1.0,7.39,0.57,1.19,0.4782,0.35840000000000005,1.13,0.31819200000000003,0.47250000000000003,0.65,0.722925
320,Ty Jerome,OKC,G,14.747300000000003,18.0691,9.13,2.74,0.34,1.87,2.21,0.62,0.18,0.75,1.69,13.81,2.48,5.18,0.4792,1.2544000000000002,3.23,0.38796800000000004,1.4385000000000001,1.79,0.801675
321,Isaiah Joe,PHI,G,5.841,9.498999999999999,3.43,0.72,0.24,1.43,1.67,0.44,0.12,0.56,1.09,12.14,0.66,1.45,0.4542,1.1760000000000002,3.17,0.37128000000000005,0.609,0.82,0.742245
322,Alize Johnson,SAS,F,6.9791,10.004700000000001,3.87,0.63,1.04,2.1,3.14,0.32,0.22,0.64,1.41,13.26,1.11,2.18,0.5103,0.6608,2.2,0.30094400000000004,0.5775000000000001,0.8,0.722085
323,Cameron Johnson,PHX,F,17.7557,23.746900000000004,11.79,1.31,0.63,3.25,3.88,0.81,0.24,0.69,1.77,30.25,1.94,3.72,0.5212,2.4976000000000003,6.3,0.39648,1.6905000000000001,1.96,0.8631
324,James Johnson,IND,F,11.727900000000002,14.5063,4.22,1.88,0.73,2.71,3.44,0.56,0.52,0.69,2.44,15.23,1.5,3.01,0.499,0.6272000000000001,2.07,0.303184,0.4935,0.8,0.61362
325,Keldon Johnson,SAS,F,24.470599999999997,29.905700000000003,18.18,2.36,1.09,4.87,5.96,0.87,0.28,1.5,2.13,32.01,4.1,8.02,0.5113,2.1728,5.77,0.37632000000000004,2.415,3.06,0.7894950000000001
326,Stanley Johnson,UTA,F,12.386400000000002,15.363300000000002,5.69,1.86,0.64,2.24,2.8800000000000003,0.87,0.3,0.91,1.96,20.66,1.81,3.55,0.5093,0.9072000000000001,2.5,0.36288000000000004,1.302,1.64,0.7954800000000001
327,Nikola Jokic,DEN,C,48.980900000000005,53.898799999999994,25.38,8.39,2.38,9.61,11.989999999999998,1.47,0.82,3.58,2.55,33.2,7.72,13.27,0.5819,1.6352000000000002,4.23,0.386176,3.3705000000000003,4.03,0.83538
328,Damian Jones,LAL,C,14.7295,15.635499999999999,8.89,0.94,1.36,2.94,4.3,0.42,0.62,0.86,2.06,14.89,2.56,4.32,0.5931,0.336,1.21,0.276976,1.6275000000000002,2.11,0.771855
329,Tre Jones,SAS,G,19.2435,20.472,8.55,5.27,0.38,2.34,2.7199999999999998,0.69,0.13,0.98,1.59,20.86,2.59,5.34,0.4854,0.392,1.5,0.26152000000000003,1.2495,1.67,0.7501200000000001
330,Tyus Jones,MEM,G,15.249300000000002,18.2616,6.54,3.42,0.27,1.88,2.15,0.88,0.12,0.77,1.06,21.37,1.84,3.81,0.4832,1.1424,2.94,0.38852800000000004,0.7244999999999999,0.84,0.85911
331,Derrick Jones Jr.,CHI,F,12.422000000000002,14.6385,5.92,0.77,1.1,2.89,3.99,0.49,0.73,0.68,2.24,16.37,2.06,3.84,0.536,0.56,1.59,0.35179200000000005,0.882,1.18,0.7468650000000001
332,DeAndre Jordan,DEN,C,10.405800000000001,12.1036,4.17,0.64,1.53,3.24,4.7700000000000005,0.27,0.7,0.7,1.41,12.59,1.91,3.31,0.5769,0.022400000000000003,0.35,0.063392,0.651,1.24,0.523635
333,Cory Joseph,DET,G,14.0028,16.5576,6.59,3.13,0.45,2.11,2.56,0.66,0.25,1.19,1.95,23.42,1.77,3.66,0.4842,0.9184,2.45,0.3746400000000001,0.9660000000000001,1.13,0.856695
334,Mfiondu Kabengele,BOS,C,6.222200000000001,7.446900000000001,3.39,0.54,0.36,1.29,1.65,0.29,0.29,0.54,0.92,7.11,0.51,1.01,0.5055,0.5376000000000001,1.58,0.34081600000000006,0.5670000000000001,0.7,0.815745
335,Frank Kaminsky,ATL,F,13.126000000000001,16.254999999999995,7.66,0.77,0.92,3.0,3.92,0.74,0.49,0.57,1.3,22.11,3.14,6.15,0.5105,0.7280000000000001,1.91,0.380464,1.05,1.36,0.772275
336,Luke Kennard,LAC,G,13.826700000000002,20.3504,9.05,1.73,0.3,2.52,2.82,0.64,0.13,0.79,1.31,26.06,1.45,3.01,0.4813,2.4976000000000003,6.26,0.3989440000000001,1.0815000000000001,1.26,0.858795
337,Maxi Kleber,DAL,F,13.149000000000001,18.191000000000003,4.49,1.06,0.96,3.72,4.68,0.44,0.82,0.64,1.88,23.76,0.93,1.82,0.5122,1.4560000000000002,3.73,0.38998400000000005,0.777,0.97,0.8039850000000001
338,Nathan Knight,MIN,F,8.7107,9.782900000000001,5.42,0.69,0.87,2.18,3.0500000000000003,0.29,0.24,0.57,0.97,19.02,1.36,2.9,0.4684,0.2016,0.63,0.31852800000000003,1.4175000000000002,1.77,0.801465
339,John Konchar,MEM,G,12.398500000000002,14.7765,5.19,1.49,0.86,2.66,3.52,0.66,0.29,0.62,1.42,20.89,1.16,2.19,0.5286,0.784,2.11,0.37094400000000005,0.6405,0.92,0.6974100000000001
340,Furkan Korkmaz,PHI,G,15.674899999999997,16.843799999999998,10.75,1.95,0.29,1.91,2.1999999999999997,0.6,0.18,0.82,0.94,21.55,1.64,3.32,0.4935,1.1872000000000003,3.07,0.386624,1.0605,1.34,0.789915
341,Luke Kornet,BOS,C,7.605700000000001,8.3054,3.65,0.7,0.76,1.55,2.31,0.25,0.44,0.46,0.78,10.97,1.0,1.88,0.5312,0.2016,0.75,0.27014400000000005,0.47250000000000003,0.84,0.563745
342,Kyle Kuzma,WAS,F,25.537699999999994,33.30489999999999,14.44,4.04,1.17,6.83,8.0,0.6,0.67,2.3,1.97,30.77,3.71,7.18,0.5169,2.2176,5.76,0.38528,2.1525,2.82,0.762405
343,Zach LaVine,CHI,G,29.708,36.809000000000005,25.41,4.63,0.54,4.28,4.82,0.71,0.29,2.96,1.85,34.85,5.71,10.94,0.5221,3.1920000000000006,8.2,0.38942400000000005,5.124,5.94,0.861945
344,Romeo Langford,SAS,G,6.386399999999999,10.0183,3.43,0.9,0.7,1.9,2.5999999999999996,0.44,0.28,0.81,1.25,18.47,1.58,3.23,0.4886,0.7392000000000001,2.09,0.353584,1.008,1.45,0.69678
345,Jake Layman,BOS,F,5.2929,6.1158,3.11,0.49,0.27,0.92,1.19,0.34,0.23,0.52,0.77,9.41,0.68,1.3,0.5239,0.4032,1.13,0.358064,0.5565000000000001,0.84,0.66192
346,Caris LeVert,CLE,G,23.301599999999997,26.9882,15.47,3.96,0.66,2.68,3.3400000000000003,1.0,0.42,1.74,2.17,30.65,3.79,7.76,0.4885,1.7808000000000002,4.69,0.3796800000000001,2.52,3.05,0.8250900000000001
347,Damion Lee,PHX,G,10.1772,14.5099,5.24,1.36,0.42,2.75,3.17,0.56,0.11,0.57,1.65,19.65,1.91,3.57,0.5347,1.0976000000000001,2.83,0.38808000000000004,1.092,1.29,0.84504
348,Saben Lee,UTA,G,16.351399999999998,18.1993,7.69,3.63,0.42,2.34,2.76,0.73,0.29,1.13,1.65,15.79,1.92,3.95,0.4855,0.7392000000000001,2.14,0.34596800000000005,1.533,2.02,0.759255
349,Alex Len,SAC,C,12.0709,14.333299999999998,5.79,1.11,1.41,3.02,4.43,0.32,0.69,0.84,2.15,11.48,2.0,3.7,0.5411,0.4032,1.22,0.329616,1.1445,1.76,0.6485850000000001
350,Kawhi Leonard,LAC,F,37.59779999999999,42.82910000000001,24.79,5.3,0.99,5.86,6.8500000000000005,1.52,0.5,2.26,1.69,30.05,6.78,13.13,0.5165,2.2624000000000004,5.7,0.396928,4.683,5.36,0.8731800000000001
351,Kira Lewis Jr.,NOP,G,10.360899999999999,12.7953,5.36,2.05,0.36,1.77,2.13,0.63,0.18,0.86,1.2,9.95,1.98,4.0,0.4946,0.6832,1.96,0.34888,0.7244999999999999,0.86,0.840735
352,Damian Lillard,POR,G,31.268400000000007,40.3648,28.18,4.93,0.4,3.56,3.96,0.63,0.27,2.75,1.31,34.97,4.56,10.05,0.4538,4.379200000000001,11.26,0.38908800000000004,5.670000000000001,6.51,0.87045
353,Nassir Little,POR,F,17.399000000000004,21.272,9.55,1.44,1.18,4.2,5.38,0.62,0.56,0.94,1.91,24.84,2.34,4.43,0.5278,1.2320000000000002,3.3,0.373744,1.3650000000000002,1.69,0.80703
354,Kevon Looney,GSW,F,15.1191,18.877199999999995,4.63,1.88,1.8,5.35,7.1499999999999995,0.59,0.56,0.81,2.48,16.12,2.46,4.58,0.5368,0.1008,0.85,0.11905600000000002,1.2075,1.84,0.65646
355,Brook Lopez,MIL,C,15.7584,20.145800000000005,10.93,0.59,0.99,2.67,3.66,0.54,0.97,0.87,2.19,22.79,3.24,6.25,0.5188,1.6352000000000002,4.24,0.385616,1.6380000000000001,1.97,0.8308650000000001
356,Robin Lopez,CLE,C,10.5381,12.134700000000002,5.98,1.15,1.31,2.49,3.8000000000000003,0.27,0.48,0.91,1.92,16.99,2.45,4.55,0.5382,0.15680000000000002,0.51,0.304752,0.9345000000000001,1.36,0.68607
357,Kevin Love,CLE,F,18.514200000000002,25.5574,11.8,1.89,0.91,4.71,5.62,0.53,0.19,1.15,1.0,21.23,1.42,2.91,0.4885,2.5536,6.56,0.3892,1.827,2.15,0.849135
358,Kyle Lowry,MIA,G,28.1392,33.370400000000004,11.89,7.57,0.58,3.42,4.0,0.97,0.27,2.26,2.51,30.91,1.85,3.6,0.5141,2.3296,5.99,0.38875200000000004,1.6800000000000002,1.93,0.8714999999999999
359,Timothe Luwawu-Cabarrot,PHX,G,9.2737,11.8554,6.49,0.84,0.32,1.76,2.08,0.42,0.11,0.51,1.53,14.95,1.13,2.36,0.4797,1.0976000000000001,2.87,0.38270400000000004,0.8085000000000001,0.98,0.82593
360,Trey Lyles,SAC,F,11.319600000000001,16.852200000000003,6.65,1.06,0.9,3.56,4.46,0.42,0.35,0.79,1.51,17.4,2.21,4.14,0.5332,1.2768,3.34,0.38281600000000005,2.2260000000000004,2.92,0.76209
361,Theo Maledon,OKC,G,11.1584,17.111300000000004,6.63,3.2,0.44,2.09,2.53,0.7,0.22,1.61,1.68,21.14,2.93,6.44,0.4553,1.4112000000000002,3.72,0.3797920000000001,1.596,2.05,0.78036
362,Terance Mann,LAC,G,18.0785,22.2695,9.87,2.19,0.99,4.09,5.08,0.67,0.31,0.84,2.09,22.34,2.56,5.01,0.5113,1.288,3.34,0.38584,1.3125,1.59,0.8261400000000001
363,Boban Marjanovic,HOU,C,4.4029,5.4223,2.62,0.31,0.74,1.13,1.8699999999999999,0.23,0.21,0.56,0.77,14.21,1.19,2.15,0.5535,0.12320000000000002,0.36,0.341152,0.5565000000000001,0.83,0.6741
364,Lauri Markkanen,UTA,F,21.7861,28.6387,15.25,1.45,0.91,5.11,6.0200000000000005,0.71,0.4,0.95,2.06,28.02,3.42,6.51,0.5252,2.3968000000000003,6.17,0.38864,2.7825,3.24,0.858585
365,Naji Marshall,NOP,F,10.1823,12.9711,4.59,1.38,0.58,2.73,3.31,0.69,0.22,0.79,1.35,15.82,1.25,2.5,0.5005,0.6384,1.99,0.32054400000000005,1.7955,2.37,0.757785
366,Caleb Martin,MIA,F,15.666500000000003,17.814500000000002,8.81,1.0,0.99,3.27,4.26,0.75,0.38,0.73,1.88,25.41,1.66,3.19,0.52,1.0080000000000002,2.6,0.38774400000000003,1.0605,1.41,0.753795
367,Cody Martin,CHA,F,18.523899999999998,19.8138,10.16,2.16,1.09,2.55,3.6399999999999997,0.91,0.39,0.98,2.03,25.16,1.82,3.55,0.5126,1.0192,2.78,0.3672480000000001,0.9555000000000001,1.32,0.72282
368,Kenyon Martin Jr.,HOU,F,14.1774,17.3248,7.26,1.48,0.96,3.3,4.26,0.61,0.68,0.87,1.59,20.88,2.95,5.59,0.5278,0.6832,1.88,0.363776,1.281,1.85,0.6935250000000001
369,Garrison Mathews,HOU,G,13.8452,20.3514,7.74,1.38,0.4,2.59,2.9899999999999998,0.81,0.34,0.62,2.45,25.61,1.26,2.44,0.5164,2.3296,6.0,0.38830400000000004,2.436,2.92,0.83391
370,Wesley Matthews,MIL,G,10.253000000000002,11.544500000000001,4.9,1.23,0.42,1.49,1.91,0.51,0.24,0.36,1.45,18.03,0.56,1.22,0.4573,0.784,2.05,0.38192000000000004,0.525,0.68,0.77007
371,Tyrese Maxey,PHI,G,28.036300000000004,30.504600000000003,18.37,4.76,0.39,2.72,3.1100000000000003,0.68,0.36,1.2,2.0,31.09,3.48,6.75,0.5152,1.9824000000000002,5.07,0.39121600000000006,2.3415,2.69,0.87129
372,CJ McCollum,NOP,G,30.961999999999993,36.594500000000004,22.86,4.58,0.72,3.4,4.12,1.02,0.37,1.94,2.0,33.54,4.8,9.4,0.5109,3.08,7.9,0.38964800000000005,2.3520000000000003,2.87,0.8191050000000001
373,T.J. McConnell,IND,G,21.9039,23.5863,7.27,5.54,0.68,3.07,3.75,1.04,0.33,1.25,1.66,22.37,2.52,4.97,0.5066,0.5152000000000001,1.62,0.317744,0.4935,0.63,0.7820400000000001
374,Jaden McDaniels,MIN,F,18.3457,22.5199,10.63,1.08,1.1,3.79,4.890000000000001,0.76,0.77,0.98,3.03,27.03,2.45,4.63,0.5288,1.6576000000000002,4.3,0.38539200000000007,1.0605,1.39,0.76314
375,Jalen McDaniels,CHA,F,12.3418,14.2286,7.65,0.94,0.68,2.51,3.19,0.53,0.39,0.8,1.59,12.95,1.52,2.97,0.5112,0.8624,2.32,0.37094400000000005,1.1969999999999998,1.61,0.7440300000000001
376,Doug McDermott,SAS,F,11.7561,17.770699999999998,9.7,1.19,0.47,2.33,2.8,0.39,0.11,0.84,1.38,23.86,2.07,3.91,0.5295,2.1728,5.72,0.380016,1.0605,1.29,0.822045
377,JaVale McGee,DAL,C,14.0849,16.332300000000004,6.69,0.83,1.89,4.26,6.1499999999999995,0.32,0.92,1.12,2.02,9.58,2.69,4.81,0.5598,0.12320000000000002,0.81,0.151872,1.2285,1.68,0.73206
378,Rodney McGruder,DET,G,8.5223,10.1116,4.84,0.98,0.51,1.33,1.84,0.4,0.12,0.42,1.1,12.85,0.84,1.63,0.5151,0.7504000000000001,1.94,0.3864,0.4515,0.58,0.77532
379,Jordan McLaughlin,MIN,G,14.726999999999997,15.907999999999998,5.85,3.09,0.43,2.05,2.48,0.74,0.17,0.74,1.09,16.04,0.96,1.97,0.4865,0.672,2.02,0.33342400000000005,0.6930000000000001,0.95,0.726285
380,De'Anthony Melton,PHI,G,18.709600000000002,25.1357,9.9,2.2,0.89,3.59,4.4799999999999995,1.27,0.48,1.43,1.59,23.52,2.2,4.8,0.4588,2.2848,5.88,0.38864,1.47,1.77,0.828555
381,Sam Merrill,SAC,G,5.4125000000000005,8.4265,2.76,0.99,0.23,1.31,1.54,0.33,0.14,0.36,1.25,8.75,0.87,1.99,0.4365,0.784,2.28,0.343504,0.5145,0.71,0.7235550000000001
382,Chimezie Metu,SAC,F,15.423599999999999,17.871700000000004,9.35,1.11,0.79,3.1,3.89,0.73,0.45,0.79,1.65,18.58,2.31,4.49,0.5141,0.9968000000000001,2.6,0.38281600000000005,1.47,1.86,0.789915
383,Khris Middleton,MIL,F,28.579499999999996,34.8615,20.44,5.06,0.59,3.92,4.51,0.99,0.27,2.46,2.09,27.0,4.31,8.83,0.488,2.8000000000000003,7.11,0.39368000000000003,3.9795000000000003,4.56,0.873495
384,Patty Mills,BKN,G,12.948400000000001,19.403299999999998,8.39,2.19,0.24,1.62,1.86,0.58,0.15,0.85,0.91,23.77,1.26,2.64,0.4775,2.5872,6.57,0.39401600000000003,0.7140000000000001,0.84,0.84987
385,Shake Milton,PHI,G,14.261199999999999,16.5914,9.1,2.42,0.44,1.77,2.21,0.5,0.28,0.93,1.61,20.79,2.16,4.44,0.4864,1.0976000000000001,2.86,0.38337600000000005,1.1760000000000002,1.38,0.849975
386,Donovan Mitchell,CLE,G,35.211800000000004,41.649100000000004,26.24,6.05,0.84,3.73,4.57,1.27,0.24,2.65,2.25,34.3,5.73,11.58,0.495,3.2704000000000004,8.45,0.386848,4.221,4.9,0.86163
387,Malik Monk,SAC,G,19.1254,24.650800000000004,13.75,2.73,0.42,2.55,2.9699999999999998,0.79,0.34,1.46,1.67,26.2,3.03,6.02,0.5034,2.4192000000000005,6.22,0.38886400000000004,1.6170000000000002,1.9,0.849975
388,Ja Morant,MEM,G,35.239799999999995,39.300599999999996,26.71,6.7,1.3,4.51,5.81,1.04,0.37,3.32,1.53,32.33,7.14,13.99,0.5103,1.8144000000000002,4.85,0.3740800000000001,6.111000000000001,7.72,0.7910699999999999
389,Juwan Morgan,LAC,F,6.4211,8.9472,2.76,0.69,0.68,1.99,2.67,0.3,0.15,0.41,0.82,11.78,0.7,1.22,0.573,0.6048000000000001,1.71,0.354032,0.4515,0.8,0.5629050000000001
390,Markieff Morris,BKN,F,10.3474,12.2268,7.64,1.01,0.65,1.86,2.5100000000000002,0.41,0.2,0.81,1.72,16.66,1.88,3.89,0.4838,0.7952,2.09,0.3796800000000001,0.5670000000000001,0.7,0.8115450000000001
391,Monte Morris,WAS,G,22.828300000000006,25.2631,15.0,4.2,0.38,1.82,2.2,0.71,0.21,1.04,1.16,28.09,3.36,6.61,0.508,1.7024000000000001,4.34,0.392,1.1235000000000002,1.31,0.85869
392,Dejounte Murray,ATL,G,37.303200000000004,43.2144,18.72,8.17,1.02,6.47,7.49,1.69,0.3,2.51,2.04,30.3,6.33,12.94,0.489,1.6016000000000001,4.22,0.37923200000000007,2.94,3.5,0.840315
393,Jamal Murray,DEN,G,27.3099,33.10980000000001,21.83,3.53,0.81,3.66,4.470000000000001,1.03,0.29,2.06,1.87,32.66,5.73,11.13,0.5146,2.6432,6.74,0.392448,2.3835,2.74,0.8689800000000001
394,Mike Muscala,OKC,F,12.902299999999999,16.085600000000003,8.01,0.86,0.4,2.52,2.92,0.4,0.44,0.42,1.32,10.83,1.32,2.58,0.5108,1.4224,3.64,0.39032,0.9974999999999999,1.21,0.824985
395,Svi Mykhailiuk,NYK,G,8.691900000000002,11.001300000000002,5.15,0.99,0.38,1.43,1.81,0.6,0.18,0.71,0.87,13.27,1.06,2.19,0.4845,0.9632000000000001,2.52,0.38180800000000004,0.7454999999999999,0.97,0.769755
396,Larry Nance Jr.,NOP,F,14.1016,16.6407,4.91,1.65,1.27,3.37,4.640000000000001,0.91,0.36,0.74,1.89,25.0,1.81,3.45,0.5247,0.49280000000000007,1.32,0.374304,0.9660000000000001,1.34,0.7187250000000001
397,Aaron Nesmith,IND,G,7.066699999999999,10.638900000000003,4.24,0.74,0.43,1.66,2.09,0.44,0.19,0.67,1.37,9.62,0.97,1.95,0.4967,1.1536000000000002,3.1,0.37195200000000006,0.6194999999999999,0.77,0.79947
398,Raul Neto,CLE,G,14.806000000000001,16.605,7.2,2.93,0.3,2.28,2.5799999999999996,0.82,0.11,0.94,1.48,21.33,1.97,3.86,0.511,0.7280000000000001,1.95,0.373184,1.26,1.55,0.8116500000000001
399,Georges Niang,PHI,F,9.614300000000002,15.496600000000003,6.22,1.12,0.36,1.98,2.34,0.47,0.16,0.79,2.09,20.22,0.86,1.77,0.487,2.1504000000000003,5.41,0.3976,0.7035000000000001,0.81,0.872655
400,Zeke Nnaji,DEN,F,11.2254,15.468800000000002,6.55,0.58,1.18,3.52,4.7,0.43,0.3,0.68,1.88,17.01,1.67,3.27,0.5108,1.0752000000000002,2.79,0.3859520000000001,1.1550000000000002,1.66,0.696885
401,Nerlens Noel,DET,C,14.456299999999999,15.7711,2.41,1.02,1.94,3.69,5.63,0.84,1.01,0.73,2.51,9.44,1.04,1.94,0.5374,0.022400000000000003,0.16,0.144032,0.8714999999999999,1.42,0.615195
402,Jaylen Nowell,MIN,G,15.511800000000004,18.546599999999998,9.93,2.18,0.45,2.33,2.7800000000000002,0.53,0.24,0.75,1.4,21.76,2.01,3.93,0.5115,1.3664,3.61,0.378784,1.6590000000000003,2.0,0.83076
403,Frank Ntilikina,DAL,G,10.250800000000002,11.8276,6.97,1.45,0.25,1.2,1.45,0.52,0.12,0.6,1.09,11.78,1.48,3.1,0.4769,0.8624,2.24,0.38438400000000006,0.9660000000000001,1.26,0.76776
404,Kendrick Nunn,LAL,G,17.797199999999997,23.508899999999997,13.54,2.42,0.38,2.23,2.61,0.84,0.29,1.56,1.99,28.65,3.38,6.46,0.523,2.4976000000000003,6.37,0.39211200000000007,0.882,1.02,0.864885
405,Jusuf Nurkic,POR,C,27.853099999999998,32.9282,15.2,3.18,2.67,8.61,11.28,0.92,0.73,2.36,3.36,27.53,5.51,10.65,0.5175,0.4368000000000001,1.38,0.315728,3.5595000000000003,4.78,0.7450800000000001
406,David Nwaba,HOU,G,12.2561,14.000200000000001,6.37,1.08,0.89,2.48,3.37,0.57,0.49,0.51,1.69,14.47,2.21,4.23,0.5224,0.4368000000000001,1.33,0.32883200000000007,1.1025,1.49,0.738885
407,Jordan Nwora,MIL,F,14.0879,16.594299999999997,10.12,1.26,0.48,2.57,3.05,0.54,0.3,0.85,1.52,24.75,1.96,4.24,0.4619,1.2432000000000003,3.26,0.38102400000000003,0.8714999999999999,1.08,0.807975
408,Royce O'Neale,BKN,F,15.163,20.162000000000006,6.35,1.98,0.77,3.21,3.98,0.88,0.36,1.0,1.92,30.42,1.1,2.06,0.5335,1.7920000000000003,4.59,0.39065600000000006,0.609,0.73,0.8312849999999999
409,Chuma Okeke,ORL,F,17.2684,22.322300000000006,6.41,1.72,0.71,3.86,4.57,1.3,0.54,0.81,1.42,23.49,1.45,3.14,0.4621,1.6912000000000003,4.39,0.38494400000000006,0.9660000000000001,1.16,0.8312849999999999
410,Josh Okogie,PHX,G,10.1393,11.111600000000001,5.93,0.92,0.7,1.72,2.42,0.5,0.28,0.55,2.12,15.6,1.11,2.25,0.4927,0.5264,1.59,0.33196800000000004,0.9765000000000001,1.37,0.71421
411,Onyeka Okongwu,ATL,F,17.518399999999996,18.1043,8.2,0.77,2.46,3.06,5.52,0.57,1.08,0.83,2.54,14.38,3.09,5.18,0.5964,0.06720000000000001,0.25,0.27384000000000003,1.344,1.82,0.73962
412,Isaac Okoro,CLE,F,16.0364,18.734799999999996,9.91,1.7,1.04,2.52,3.56,0.91,0.33,1.06,2.08,21.27,2.58,5.02,0.5139,1.0752000000000002,2.84,0.378784,2.016,2.56,0.788865
413,KZ Okpala,SAC,F,6.778300000000001,9.2741,3.77,0.73,0.55,1.65,2.2,0.28,0.28,0.48,1.51,11.77,1.02,2.06,0.4943,0.6944,1.98,0.35044800000000004,0.6194999999999999,0.92,0.676515
414,Victor Oladipo,MIA,G,14.871000000000002,21.421000000000003,8.83,3.41,0.41,2.63,3.04,0.74,0.24,1.6,1.73,21.6,2.4,5.06,0.4746,2.0160000000000005,5.2,0.38763200000000003,2.289,3.0,0.764085
415,Kelly Olynyk,UTA,F,19.684,22.2685,8.99,3.15,0.98,3.76,4.74,0.78,0.52,1.47,2.41,21.99,1.78,3.4,0.5242,1.064,2.78,0.38248000000000004,1.596,1.93,0.82488
416,Cedi Osman,CLE,F,15.177900000000001,20.425800000000006,10.97,1.89,0.44,2.22,2.66,0.79,0.2,1.08,1.83,21.66,2.2,4.44,0.4959,2.1952000000000003,5.71,0.38438400000000006,1.2075,1.68,0.7166250000000001
417,Kelly Oubre Jr.,CHA,F,19.079100000000004,24.867199999999997,14.77,1.13,0.95,3.16,4.11,0.84,0.5,1.1,2.45,25.75,3.21,6.17,0.5202,2.4528000000000003,6.43,0.38169600000000004,1.7535,2.49,0.70413
418,Eric Paschall,MIN,F,8.676100000000002,12.1932,7.66,0.75,0.51,2.02,2.5300000000000002,0.29,0.18,0.72,1.33,20.21,2.42,4.73,0.5117,0.9968000000000001,2.64,0.37822400000000006,1.5225,2.02,0.754425
419,Chris Paul,PHX,G,35.1979,37.87030000000001,14.34,9.65,0.42,3.55,3.9699999999999998,1.6,0.27,2.2,2.1,25.33,4.72,9.14,0.5166,1.1872000000000003,3.07,0.38729600000000003,2.1734999999999998,2.55,0.85365
420,Cameron Payne,PHX,G,18.5066,21.938700000000004,9.24,5.05,0.37,2.54,2.91,0.67,0.26,1.79,1.8,22.52,2.73,5.69,0.4795,1.1648,3.01,0.38729600000000003,1.4070000000000003,1.65,0.8550150000000001
421,Gary Payton II,POR,G,10.9955,14.663499999999999,4.2,0.95,0.81,2.61,3.42,1.04,0.28,0.59,1.7,18.24,2.32,4.1,0.566,0.8400000000000001,2.26,0.371168,0.5355000000000001,0.8,0.6700050000000001
422,Theo Pinson,DAL,G,6.4101,11.4992,5.31,1.11,0.42,0.95,1.3699999999999999,0.34,0.11,0.41,1.28,11.59,2.18,4.13,0.5281,1.3888,3.7,0.375648,1.1025,1.7,0.6497400000000001
423,Mason Plumlee,CHA,F,19.4053,20.8191,6.33,3.05,2.01,4.53,6.54,0.73,0.72,1.41,2.97,22.23,2.25,3.89,0.5791,0.022400000000000003,0.24,0.09531200000000001,1.0605,1.77,0.598395
424,Jakob Poeltl,SAS,C,29.3983,30.736099999999993,14.21,2.85,3.66,5.48,9.14,0.7,1.61,1.64,2.89,26.63,5.49,9.62,0.5707,0.022400000000000003,0.09,0.24449600000000002,1.7535,3.19,0.5489400000000001
425,Aleksej Pokusevski,OKC,F,18.6823,21.7766,9.09,3.16,1.07,3.95,5.0200000000000005,0.65,0.71,1.76,1.52,17.19,2.26,4.83,0.4678,0.9744,2.63,0.371168,1.3335000000000001,1.75,0.7611450000000001
426,Jordan Poole,GSW,G,22.947300000000006,30.60360000000001,16.28,4.38,0.39,3.23,3.62,0.81,0.28,2.28,2.42,25.87,3.36,6.6,0.5089,3.0464000000000007,7.82,0.38964800000000005,3.6645000000000003,4.21,0.87087
427,Kevin Porter Jr.,HOU,G,30.2244,34.292300000000004,18.03,6.69,0.72,3.67,4.39,1.02,0.36,2.81,2.45,30.08,2.79,6.04,0.4623,2.4192000000000005,6.3,0.38382400000000005,1.806,2.57,0.701505
428,Michael Porter Jr.,DEN,F,20.964100000000002,24.234199999999998,13.34,1.86,1.02,3.97,4.99,0.91,0.52,0.75,1.15,24.31,3.4,6.79,0.5007,1.2768,3.84,0.33252800000000005,1.2705,1.9,0.6699
429,Otto Porter Jr.,TOR,F,17.683200000000006,22.0704,8.35,1.56,1.27,4.16,5.43,0.87,0.36,0.71,1.51,22.51,1.8,3.53,0.5092,1.4336000000000002,3.72,0.385616,0.756,0.89,0.85365
430,Bobby Portis,MIL,F,21.3649,28.589299999999994,13.04,1.28,2.39,5.38,7.77,0.71,0.62,1.29,2.03,26.69,3.48,6.72,0.5181,2.0832,5.34,0.39043200000000006,1.2285,1.56,0.7894950000000001
431,Kristaps Porzingis,WAS,F,28.4748,35.4571,18.29,2.15,1.82,6.3,8.12,0.63,1.36,1.52,2.69,28.36,5.76,11.11,0.5186,1.9824000000000002,5.14,0.3859520000000001,3.9899999999999998,4.62,0.8631
432,Dwight Powell,DAL,F,12.7854,15.603800000000003,6.58,1.12,1.73,3.05,4.779999999999999,0.46,0.41,0.69,2.54,16.67,3.2,5.43,0.5896,0.2912,0.89,0.32569600000000004,1.7429999999999999,2.12,0.8213100000000001
433,Norman Powell,LAC,G,21.154700000000005,26.6129,16.87,1.87,0.47,2.88,3.3499999999999996,0.96,0.35,1.44,2.04,30.85,2.94,6.02,0.4882,2.6656,6.72,0.396928,4.0635,4.76,0.85365
434,Taurean Prince,MIN,F,12.833800000000002,16.1141,8.6,0.96,0.4,2.48,2.88,0.68,0.31,0.91,1.81,22.23,1.53,3.07,0.4987,1.4784000000000002,3.85,0.38393600000000006,1.1969999999999998,1.47,0.812805
435,Payton Pritchard,BOS,G,11.098400000000002,14.232799999999997,5.43,2.02,0.42,1.5,1.92,0.53,0.12,0.65,1.23,14.0,0.63,1.4,0.4504,1.3552000000000002,3.43,0.39468800000000004,0.5880000000000001,0.69,0.852495
436,Immanuel Quickley,NYK,G,19.618499999999997,22.467000000000002,12.68,3.29,0.39,2.56,2.95,0.73,0.18,1.18,2.03,22.33,2.17,4.85,0.4476,1.568,4.0,0.391776,2.1525,2.48,0.86688
437,Julius Randle,NYK,F,29.826100000000004,35.7612,20.85,4.4,1.65,8.16,9.81,0.74,0.41,2.77,2.54,34.77,5.59,12.63,0.4426,1.2768,3.3,0.38718400000000003,4.2525,5.16,0.82488
438,Cam Reddish,NYK,F,12.918000000000001,16.467499999999998,9.57,1.1,0.54,1.95,2.49,0.82,0.27,0.8,2.05,16.91,2.13,5.06,0.4212,1.4000000000000001,3.63,0.38550400000000007,2.058,2.4,0.8581650000000001
439,Davon Reed,DEN,G,8.869299999999999,12.780100000000001,4.34,1.3,0.34,2.63,2.9699999999999998,0.44,0.22,0.52,1.4,22.33,1.38,2.93,0.471,0.9744,2.76,0.353472,0.4305,0.71,0.6038549999999999
440,Paul Reed,PHI,F,11.022400000000001,12.787299999999998,4.44,0.52,1.28,3.36,4.64,0.65,0.39,0.54,1.37,11.77,1.75,3.24,0.5407,0.17920000000000003,0.59,0.30587200000000003,0.504,0.96,0.527415
441,Naz Reid,MIN,C,16.654200000000003,18.926399999999994,9.6,1.26,1.36,2.89,4.25,0.49,0.86,0.96,2.25,14.12,2.18,4.1,0.5316,0.9856000000000001,2.57,0.383488,1.9530000000000003,2.63,0.7425600000000001
442,Nick Richards,CHA,C,9.709,9.771,5.33,0.57,1.07,1.77,2.84,0.28,0.63,0.56,1.39,9.21,1.42,2.51,0.5659,0.05600000000000001,0.64,0.087696,0.987,1.49,0.660975
443,Josh Richardson,SAS,G,16.523400000000002,20.088800000000003,12.26,1.81,0.6,1.76,2.36,0.86,0.37,1.35,1.92,25.94,2.33,4.84,0.4814,1.9152000000000002,5.01,0.38214400000000004,1.7429999999999999,1.99,0.875595
444,Austin Rivers,MIN,G,10.073199999999998,13.0499,4.42,1.88,0.27,1.65,1.92,0.71,0.11,0.74,1.74,24.88,1.0,1.95,0.5136,1.0976000000000001,2.88,0.380464,0.5880000000000001,0.78,0.75411
445,Duncan Robinson,MIA,F,11.119800000000001,18.6761,7.03,1.38,0.29,2.31,2.6,0.53,0.21,0.76,2.13,25.36,1.13,2.2,0.5129,2.6544000000000003,6.8,0.39043200000000006,0.861,1.01,0.850395
446,Jerome Robinson,GSW,G,8.2624,11.421299999999999,3.95,1.24,0.29,1.85,2.14,0.62,0.31,0.82,1.48,9.48,1.11,2.41,0.4599,0.9632000000000001,2.84,0.339472,0.546,0.72,0.754845
447,Mitchell Robinson,NYK,C,25.630799999999997,26.525599999999997,10.36,0.99,3.81,5.55,9.36,0.79,1.42,0.84,2.54,17.37,3.16,5.36,0.5899,0.022400000000000003,0.34,0.06664,0.9660000000000001,1.7,0.566685
448,Isaiah Roby,SAS,F,19.6056,22.4942,12.41,1.51,1.68,3.28,4.96,0.83,0.63,1.14,2.29,25.75,3.01,5.82,0.5175,1.2208,3.32,0.367472,1.764,2.42,0.72828
449,Derrick Rose,NYK,G,16.1309,20.202799999999996,8.26,3.61,0.59,2.1,2.69,0.74,0.39,1.32,0.88,20.76,2.87,5.9,0.4867,1.2992000000000001,3.32,0.39099200000000006,1.1025,1.27,0.8667750000000001
450,Terrence Ross,ORL,G,10.3089,14.802299999999997,7.58,1.54,0.29,2.09,2.38,0.57,0.24,1.13,1.26,23.26,2.34,4.9,0.4775,1.3552000000000002,3.56,0.38113600000000003,1.8585,2.16,0.862365
451,Terry Rozier,CHA,G,30.56940000000001,37.0848,17.99,5.23,0.76,3.5,4.26,1.3,0.3,1.45,1.75,32.77,3.73,7.26,0.5138,3.0352,7.84,0.38718400000000003,2.079,2.42,0.8579550000000001
452,Ricky Rubio,CLE,G,21.587600000000002,23.388199999999998,11.64,4.35,0.39,1.86,2.25,1.28,0.15,1.54,1.63,25.05,1.87,4.27,0.4378,1.4448,3.8,0.3802400000000001,2.058,2.39,0.85995
453,D'Angelo Russell,MIN,G,27.324200000000005,34.2699,17.28,6.31,0.41,3.03,3.44,0.98,0.32,2.45,1.8,30.45,3.28,7.06,0.4644,3.0016000000000003,7.84,0.382928,3.1710000000000003,3.87,0.81858
454,Domantas Sabonis,SAC,F,33.4039,38.8788,18.2,5.69,2.84,7.84,10.68,1.01,0.41,2.87,3.05,33.55,6.84,12.01,0.5694,0.7952,2.13,0.372848,4.0635,5.15,0.7894950000000001
455,Luka Samanic,BOS,F,7.283099999999999,9.587699999999998,3.71,1.1,0.39,2.11,2.5,0.29,0.29,0.74,2.03,13.86,1.06,2.18,0.4866,0.5488000000000001,1.56,0.351344,0.9555000000000001,1.34,0.7109550000000001
456,Dario Saric,PHX,F,14.7344,18.5058,9.72,1.29,0.88,3.25,4.13,0.63,0.18,0.93,1.95,24.24,2.21,4.25,0.5197,1.3552000000000002,3.52,0.385168,1.344,1.57,0.855225
457,Admiral Schofield,ORL,F,6.956600000000001,9.1532,5.13,0.79,0.38,1.62,2.0,0.27,0.13,0.65,1.26,15.73,1.03,2.22,0.4639,0.7728,2.1,0.3673600000000001,0.651,0.96,0.6802950000000001
458,Dennis Schroder,LAL,G,19.6285,24.354499999999998,11.47,4.89,0.42,2.91,3.33,0.85,0.16,1.99,2.13,27.36,3.27,7.0,0.4674,1.568,4.1,0.38236800000000004,1.9425000000000001,2.26,0.85995
459,Collin Sexton,UTA,G,19.7892,22.5334,18.17,2.66,0.98,2.51,3.4899999999999998,0.98,0.2,2.51,1.91,32.87,5.62,11.16,0.5035,1.2656,3.35,0.377776,2.4779999999999998,3.01,0.8240400000000001
460,Landry Shamet,PHX,G,12.7608,17.019599999999997,8.62,1.75,0.25,1.83,2.08,0.54,0.18,0.64,1.47,21.75,1.56,3.35,0.465,1.7584000000000002,4.54,0.38752000000000003,1.344,1.57,0.8533350000000001
461,Pascal Siakam,TOR,F,34.231399999999994,38.681799999999996,22.64,4.81,1.75,6.59,8.34,1.14,0.6,2.51,2.94,35.63,6.88,13.43,0.5123,1.3552000000000002,3.57,0.379568,4.221,5.12,0.82488
462,Chris Silva,ATL,F,5.756800000000001,6.422600000000001,2.73,0.51,0.95,1.33,2.2800000000000002,0.26,0.27,0.59,1.27,7.55,0.71,1.5,0.4737,0.07840000000000001,0.28,0.27652800000000005,0.8400000000000001,1.14,0.73584
463,Ben Simmons,BKN,G,24.2256,29.685700000000004,9.22,5.86,1.66,5.78,7.44,1.71,0.6,2.95,2.96,32.44,6.43,11.9,0.5403,0.21280000000000002,0.79,0.26846400000000004,3.3600000000000003,5.02,0.66948
464,Anfernee Simons,POR,G,16.067,26.041500000000003,12.88,3.72,0.36,2.18,2.54,0.54,0.13,1.84,2.0,27.3,2.75,6.37,0.4316,3.4720000000000004,8.84,0.392896,1.7429999999999999,2.02,0.86268
465,Deividas Sirvydis,IND,F,5.543699999999999,10.493900000000002,3.07,0.75,0.3,1.96,2.26,0.63,0.26,0.68,0.96,11.77,1.06,2.19,0.4849,1.2096000000000002,4.33,0.279552,0.5145,0.96,0.53361
466,Marcus Smart,BOS,G,26.0828,30.5341,11.74,5.53,0.63,3.24,3.87,1.58,0.3,2.06,2.28,31.67,2.72,5.17,0.5259,2.0384,5.32,0.38326400000000005,1.3860000000000001,1.68,0.8243550000000001
467,Ish Smith,DEN,G,11.561200000000001,13.659899999999999,5.67,2.98,0.4,1.76,2.16,0.55,0.31,1.08,1.3,14.89,2.28,5.15,0.4426,0.48160000000000003,1.41,0.340592,0.378,0.57,0.66822
468,Jalen Smith,IND,F,15.1091,18.804199999999998,9.45,0.75,1.64,3.62,5.26,0.37,0.68,0.8,1.79,16.69,2.65,5.06,0.5235,0.9968000000000001,2.82,0.353584,1.5855000000000001,2.05,0.7735350000000001
469,Dennis Smith Jr.,CHA,G,14.5033,14.629100000000001,6.81,2.5,0.45,2.21,2.66,0.88,0.31,1.09,1.49,17.82,1.38,2.97,0.4643,0.35840000000000005,1.26,0.284704,0.9765000000000001,1.39,0.7037100000000001
470,Lamar Stevens,CLE,F,12.059500000000003,12.8905,7.46,0.96,0.65,2.56,3.21,0.47,0.29,0.76,1.72,13.65,1.2,2.34,0.5118,0.56,1.63,0.343056,1.2495,1.65,0.758205
471,Isaiah Stewart,DET,F,20.258500000000005,23.151000000000003,10.65,1.15,2.6,4.89,7.49,0.44,1.12,1.08,2.42,25.68,3.87,7.34,0.5271,0.44800000000000006,1.34,0.334432,1.1025,1.45,0.75978
472,Max Strus,MIA,G,14.088500000000002,20.113,8.65,1.82,0.37,2.68,3.0500000000000003,0.53,0.18,0.74,1.92,26.49,1.25,2.39,0.5239,2.3520000000000003,5.97,0.39390400000000003,0.7244999999999999,0.93,0.77553
473,Edmond Sumner,BKN,G,11.417,12.987499999999999,7.49,1.29,0.37,2.03,2.4,0.6,0.23,0.82,1.72,18.5,1.75,3.53,0.4962,0.7280000000000001,1.91,0.38091200000000003,1.4909999999999999,1.99,0.74907
474,Jae'Sean Tate,HOU,F,22.9422,25.927400000000002,11.81,3.74,1.96,3.92,5.88,0.97,0.41,1.66,3.04,22.81,3.41,6.5,0.5249,0.8736000000000002,2.46,0.3548160000000001,1.9949999999999999,2.62,0.76125
475,Jayson Tatum,BOS,F,37.2853,44.1946,27.66,4.65,1.02,6.8,7.82,1.03,0.57,2.89,2.15,35.6,6.4,12.05,0.5311,3.0464000000000007,7.83,0.38897600000000004,4.8825,5.61,0.8699250000000001
476,Garrett Temple,NOP,G,11.0067,13.484900000000001,4.91,1.66,0.36,1.78,2.14,0.57,0.34,0.55,1.33,18.31,1.05,2.17,0.484,0.9856000000000001,2.62,0.37587200000000004,0.5355000000000001,0.67,0.79359
477,Daniel Theis,IND,F,12.843100000000002,16.050199999999997,7.11,0.95,1.19,2.76,3.9499999999999997,0.45,0.7,0.8,2.18,16.62,2.38,4.45,0.5352,0.8848000000000001,2.45,0.3610880000000001,1.1235000000000002,1.49,0.7542150000000001
478,Brodric Thomas,BOS,G,7.293000000000001,8.592,3.96,1.34,0.24,1.1,1.34,0.34,0.19,0.41,0.94,8.26,0.84,1.85,0.4548,0.5040000000000001,1.62,0.31192000000000003,0.525,0.89,0.5895750000000001
479,Klay Thompson,GSW,G,23.5319,32.485800000000005,19.58,2.42,0.42,3.1,3.52,0.64,0.46,1.29,1.65,25.14,3.74,7.58,0.4933,3.9872000000000005,10.16,0.39256,1.2075,1.41,0.8593200000000001
480,Matisse Thybulle,PHI,G,16.8169,18.657799999999998,5.52,1.5,0.56,2.16,2.72,1.41,0.89,0.67,1.99,21.97,1.6,2.94,0.5441,1.0752000000000002,2.87,0.374528,0.5565000000000001,0.78,0.711795
481,Killian Tillie,MEM,F,8.6768,10.0656,4.79,0.82,0.51,0.72,1.23,0.56,0.38,0.48,1.29,11.07,0.73,1.66,0.4399,0.8624,2.37,0.36422400000000005,0.462,0.67,0.684705
482,Xavier Tillman Sr.,MEM,F,10.806899999999999,12.8823,5.38,1.16,1.18,2.17,3.3499999999999996,0.69,0.37,0.77,1.81,14.0,1.79,3.43,0.5218,0.4592,1.61,0.286048,1.2285,1.84,0.6664350000000001
483,Obi Toppin,NYK,F,13.375499999999999,16.610500000000002,8.79,1.15,0.97,3.25,4.22,0.42,0.42,0.81,1.35,20.0,3.04,5.8,0.5242,0.784,2.09,0.374304,1.4175000000000002,1.81,0.78351
484,Juan Toscano-Anderson,LAL,F,9.4993,12.424600000000002,2.26,1.85,0.45,2.61,3.06,0.75,0.24,0.87,2.05,17.7,0.91,1.68,0.5428,0.6384,1.94,0.329728,0.6825000000000001,0.99,0.68901
485,Karl-Anthony Towns,MIN,C,34.4554,40.9568,25.29,3.38,2.58,6.83,9.41,0.85,0.96,2.99,3.15,32.97,6.98,13.24,0.5273,2.2512,5.74,0.3922240000000001,4.473,5.24,0.85365
486,Gary Trent Jr.,TOR,G,23.2656,28.980199999999996,18.22,1.88,0.44,2.66,3.1,1.41,0.28,1.21,1.86,30.15,3.31,7.28,0.4548,2.9568000000000003,7.59,0.38942400000000005,2.9819999999999998,3.49,0.8551200000000001
487,P.J. Tucker,PHI,F,12.3661,16.226200000000002,6.27,1.78,0.92,2.18,3.1,0.72,0.25,0.83,1.84,23.46,1.85,3.8,0.4868,1.2208,3.12,0.39110400000000006,0.5145,0.67,0.771015
488,Myles Turner,IND,C,28.2614,31.331300000000002,12.85,1.34,1.64,5.46,7.1,0.73,2.27,1.31,2.8,29.97,2.48,4.59,0.5401,1.6912000000000003,4.56,0.370496,1.6590000000000003,2.12,0.781095
489,Jonas Valanciunas,NOP,C,29.1173,34.4761,17.28,2.39,2.8,8.65,11.45,0.6,0.78,1.79,2.97,29.27,5.97,11.13,0.5363,0.7504000000000001,1.98,0.378336,3.0765000000000002,3.77,0.81564
490,Denzel Valentine,BOS,G,5.412500000000001,10.283500000000002,2.54,0.66,0.39,1.99,2.38,0.37,0.1,0.47,1.11,11.28,0.75,1.63,0.4588,1.288,3.32,0.38841600000000004,0.34650000000000003,0.49,0.7035000000000001
491,Fred VanVleet,TOR,G,34.233,44.40350000000001,20.13,6.62,0.65,4.07,4.720000000000001,1.6,0.52,2.57,2.42,37.09,3.61,7.92,0.4557,4.312,11.01,0.39155200000000007,3.3390000000000004,3.84,0.8700300000000001
492,Jarred Vanderbilt,UTA,F,17.713299999999997,21.2871,6.37,1.47,2.54,4.71,7.25,1.12,0.66,1.05,2.37,29.82,3.45,6.05,0.5701,0.24640000000000004,1.12,0.22097600000000003,1.2705,1.91,0.666225
493,Devin Vassell,SAS,G,19.5909,25.712800000000005,13.55,1.56,0.58,3.79,4.37,1.0,0.51,1.18,1.92,28.82,2.99,6.43,0.4652,2.4192000000000005,6.29,0.384496,1.3125,1.55,0.845775
494,Gabe Vincent,MIA,G,12.946000000000003,15.992500000000001,8.65,1.89,0.29,1.37,1.6600000000000001,0.8,0.17,1.13,2.24,26.09,1.46,3.02,0.483,1.624,4.3,0.37811200000000006,0.798,0.95,0.84147
495,Noah Vonleh,BOS,F,6.4373000000000005,8.2806,4.26,0.63,0.77,1.17,1.94,0.29,0.17,0.51,0.97,9.1,0.55,1.21,0.4528,0.6944,2.23,0.311472,0.3885,0.73,0.5313
496,Nikola Vucevic,CHI,C,29.771699999999996,37.4314,15.91,3.13,1.8,8.06,9.860000000000001,0.89,0.91,1.55,2.26,27.45,5.32,10.32,0.5154,1.8816000000000002,4.86,0.38718400000000003,1.2285,1.49,0.82488
497,Dean Wade,CLE,F,11.410300000000001,13.414599999999998,6.85,1.13,0.57,1.69,2.26,0.62,0.21,0.62,1.77,19.7,1.06,2.08,0.5102,1.0864,2.9,0.37508800000000003,0.5775000000000001,0.87,0.6642300000000001
498,Moritz Wagner,ORL,F,13.090200000000001,16.181399999999996,8.38,1.3,0.65,2.69,3.34,0.48,0.27,0.9,1.88,18.25,1.26,2.54,0.4956,1.2656,3.31,0.38203200000000004,2.079,2.45,0.847665
499,Kemba Walker,DET,G,12.6299,20.1113,7.76,2.92,0.39,1.73,2.12,0.69,0.21,1.19,1.33,24.64,2.56,5.34,0.4791,2.3072000000000004,5.9,0.39088,1.3755000000000002,1.62,0.8495550000000001
500,Lonnie Walker IV,LAL,G,15.177400000000002,18.962800000000005,11.32,1.79,0.29,1.95,2.2399999999999998,0.66,0.27,0.85,1.48,18.86,2.4,4.97,0.4825,1.7472000000000003,4.55,0.38416000000000006,1.7429999999999999,2.1,0.8287650000000001
501,John Wall,LAC,G,25.635799999999996,31.101099999999995,16.75,7.02,0.4,2.71,3.11,1.13,0.63,3.37,1.73,26.2,5.56,11.61,0.4791,1.8144000000000002,4.87,0.372288,4.1370000000000005,5.41,0.76482
502,T.J. Warren,BKN,F,17.560000000000002,18.323000000000004,15.8,1.2,0.77,2.62,3.39,0.66,0.23,0.93,1.56,26.92,4.88,9.6,0.5081,0.56,1.86,0.30060800000000004,1.47,1.74,0.84462
503,P.J. Washington,CHA,F,20.7952,24.820899999999998,10.67,2.2,1.12,3.69,4.8100000000000005,0.96,0.79,1.49,2.39,26.56,1.79,3.49,0.513,1.8816000000000002,4.86,0.38718400000000003,1.092,1.4,0.7820400000000001
504,Yuta Watanabe,BKN,G,8.679099999999998,10.9287,4.3,0.86,0.65,2.25,2.9,0.37,0.37,0.61,1.01,15.13,1.19,2.43,0.49,0.6048000000000001,1.67,0.36198400000000003,0.6194999999999999,0.9,0.68796
505,Quinndary Weatherspoon,GSW,G,6.114999999999999,6.932,3.78,0.98,0.24,1.07,1.31,0.33,0.13,0.44,1.39,7.99,1.08,2.33,0.4635,0.22400000000000003,0.7,0.32121600000000006,1.1969999999999998,1.59,0.7510650000000001
506,Russell Westbrook,LAL,G,28.259599999999992,33.6917,16.93,7.1,1.0,5.88,6.88,1.07,0.36,3.62,2.6,33.25,5.23,11.19,0.4674,1.3328,3.59,0.37083200000000005,3.024,4.37,0.6920550000000001
507,Coby White,CHI,G,19.478500000000004,24.742500000000003,12.81,3.32,0.41,2.62,3.0300000000000002,0.55,0.22,1.11,2.01,28.59,2.24,4.64,0.4824,2.3520000000000003,5.96,0.39480000000000004,1.3545,1.56,0.8678250000000001
508,Derrick White,BOS,G,23.6598,28.762600000000003,12.93,4.1,0.41,3.03,3.44,0.82,0.73,1.31,2.15,28.48,3.19,6.01,0.5311,2.1504000000000003,5.58,0.385616,2.499,2.89,0.86478
509,Andrew Wiggins,GSW,F,23.405700000000003,28.873399999999997,17.51,2.09,0.98,3.77,4.75,0.91,0.71,1.57,2.16,29.51,4.4,8.56,0.5143,2.3856,6.17,0.386624,1.5645,2.38,0.65856
510,Brandon Williams,POR,G,12.4339,16.558799999999998,7.19,3.23,0.9,1.75,2.65,0.77,0.33,2.05,1.15,16.34,1.74,4.07,0.4278,1.2432000000000003,3.4,0.365904,2.6774999999999998,3.6,0.743085
511,Grant Williams,BOS,F,13.620099999999997,19.0672,6.35,1.22,0.78,3.9,4.68,0.51,0.57,0.81,1.86,17.93,1.43,2.73,0.5239,1.6128,4.1,0.393008,1.1445,1.52,0.751275
512,Kenrich Williams,OKC,G,16.8547,18.860899999999997,7.65,2.13,1.53,3.09,4.62,0.81,0.23,0.8,1.89,17.04,1.34,2.6,0.5162,0.8176000000000001,2.12,0.386288,0.8295000000000001,1.32,0.628005
513,Patrick Williams,CHI,F,14.511700000000005,18.6624,9.03,0.86,1.11,3.67,4.78,0.57,0.52,1.02,1.45,22.07,2.46,4.68,0.5256,1.2656,3.26,0.38774400000000003,1.4805,1.87,0.7913850000000001
514,Robert Williams III,BOS,C,26.8158,28.1461,8.75,2.01,3.4,4.99,8.39,0.85,1.84,0.87,2.32,27.14,3.82,6.41,0.5964,0.022400000000000003,0.35,0.064848,1.281,1.75,0.7337400000000001
515,Zion Williamson,NOP,F,30.976899999999997,33.309799999999996,23.6,4.16,2.47,5.45,7.92,0.89,0.54,2.9,2.32,31.56,8.15,14.33,0.5687,0.4592,1.36,0.338352,6.0584999999999996,8.22,0.7373100000000001
516,D.J. Wilson,TOR,F,15.829300000000002,15.858100000000002,10.13,1.37,0.48,2.47,2.95,0.86,0.31,0.55,1.3,15.61,3.07,5.77,0.5322,0.30240000000000006,1.01,0.29971200000000003,1.3545,1.82,0.74445
517,Dylan Windler,CLE,G,7.978200000000001,10.135900000000001,2.77,1.54,0.46,1.53,1.99,0.44,0.25,0.55,0.86,11.46,0.81,1.68,0.4823,0.5936000000000001,1.68,0.35313600000000006,0.651,0.81,0.80115
518,Justise Winslow,POR,F,12.365100000000002,15.021700000000001,5.21,1.99,0.85,3.08,3.93,0.64,0.41,0.88,1.47,17.71,1.52,3.53,0.4301,0.5488000000000001,1.8,0.304528,0.7875000000000001,1.27,0.61971
519,Christian Wood,DAL,F,29.308999999999997,36.4045,17.49,2.34,1.5,7.86,9.36,0.83,0.9,1.62,2.4,27.35,3.32,6.18,0.5371,2.408,6.36,0.37856000000000006,3.213,4.71,0.6822900000000001
520,Delon Wright,WAS,G,16.2984,17.5103,5.88,2.84,0.61,2.28,2.8899999999999997,1.09,0.24,0.86,1.01,18.88,1.16,2.26,0.5136,0.7392000000000001,1.91,0.386624,0.8400000000000001,1.06,0.7913850000000001
521,Thaddeus Young,TOR,F,12.2355,15.272,3.51,2.24,1.27,2.86,4.13,0.86,0.32,0.89,1.77,12.22,2.33,4.34,0.5369,0.336,1.0,0.33700800000000003,0.7035000000000001,1.19,0.58968
522,Trae Young,ATL,G,36.144,44.708000000000006,27.2,8.93,0.65,2.91,3.56,0.92,0.2,3.86,1.77,32.88,6.49,12.67,0.5123,3.696,9.47,0.39032,6.7620000000000005,7.74,0.8731800000000001
523,Cody Zeller,UTA,F,8.7273,11.3346,3.92,0.76,1.52,3.05,4.57,0.38,0.25,0.66,2.02,11.12,1.97,3.7,0.5331,0.07840000000000001,0.41,0.191744,1.4805,1.98,0.74655
524,Ivica Zubac,LAC,C,17.7286,22.0047,7.94,1.32,2.75,5.35,8.1,0.51,1.12,1.29,2.62,21.8,4.43,7.6,0.5829,0.1008,1.34,0.07515200000000001,2.2470000000000003,2.83,0.7949550000000001
